{"type":"FeatureCollection","features":[{"type":"Feature","properties":{"id":93512023,"name":"Ruta Provincial 62","ref":"RP62","highway":"tertiary","surface":"unpaved"},"geometry":{"type":"LineString","coordinates":[[-57.4349,-36.84492],[-57.43498,-36.84488],[-57.45114,-36.83701],[-57.45241,-36.83653],[-57.45609,-36.83464],[-57.45639,-36.83449],[-57.45616,-36.83418],[-57.45609,-36.83404],[-57.45608,-36.83392],[-57.45613,-36.83383],[-57.45624,-36.83375],[-57.45645,-36.83365],[-57.4654,-36.82929],[-57.46547,-36.82927],[-57.46553,-36.82928],[-57.46563,-36.82933],[-57.46573,-36.82941],[-57.46587,-36.82957],[-57.46597,-36.82961],[-57.46882,-36.82788],[-57.46917,-36.82764],[-57.47253,-36.82525],[-57.47258,-36.82519],[-57.47259,-36.82515],[-57.47257,-36.82511],[-57.47245,-36.82501],[-57.47234,-36.8249],[-57.47235,-36.8248],[-57.47239,-36.82468],[-57.47248,-36.82459],[-57.48475,-36.8161],[-57.48787,-36.81349],[-57.49137,-36.81049],[-57.49298,-36.8088],[-57.49453,-36.8075],[-57.49456,-36.80747],[-57.49747,-36.80503],[-57.50464,-36.79866],[-57.50466,-36.79864],[-57.50472,-36.79859],[-57.50474,-36.79857],[-57.50654,-36.79711],[-57.50829,-36.79559],[-57.5089,-36.79506],[-57.50941,-36.79455],[-57.50987,-36.79398],[-57.51016,-36.79349],[-57.51093,-36.79211],[-57.51176,-36.79059]]}},{"type":"Feature","properties":{"id":93512038,"name":"Ruta Provincial 62","ref":"RP62","highway":"tertiary","surface":"concrete"},"geometry":{"type":"LineString","coordinates":[[-57.43455,-36.84508],[-57.4349,-36.84492]]}},{"type":"Feature","properties":{"id":163502465,"name":"Camino provincial secundario 066-02","ref":"066-02","highway":"tertiary","surface":"concrete"},"geometry":{"type":"LineString","coordinates":[[-57.46646,-36.60127],[-57.46652,-36.60184]]}},{"type":"Feature","properties":{"id":163502470,"name":"Camino provincial secundario 066-02","ref":"066-02","highway":"tertiary","surface":"unpaved"},"geometry":{"type":"LineString","coordinates":[[-57.46652,-36.60184],[-57.46694,-36.605],[-57.46699,-36.6053],[-57.46792,-36.60998],[-57.46868,-36.61361],[-57.46993,-36.6197],[-57.46996,-36.61995],[-57.46997,-36.62018],[-57.47001,-36.62342],[-57.47003,-36.62388],[-57.47009,-36.62435],[-57.47017,-36.62478],[-57.47167,-36.63105],[-57.47172,-36.63118],[-57.47181,-36.63137],[-57.47194,-36.63159],[-57.4722,-36.63191],[-57.47647,-36.63614],[-57.47669,-36.63633],[-57.47698,-36.63654],[-57.48467,-36.6414],[-57.48566,-36.64194],[-57.48833,-36.64329],[-57.49455,-36.64641],[-57.49463,-36.64649],[-57.49473,-36.64665],[-57.49476,-36.64685],[-57.49469,-36.647],[-57.49252,-36.64901],[-57.49236,-36.64919],[-57.49224,-36.64935],[-57.49206,-36.64972],[-57.49132,-36.6518],[-57.49116,-36.65218],[-57.49094,-36.65254],[-57.4899,-36.65408],[-57.48972,-36.65433],[-57.4895,-36.6546],[-57.48926,-36.65488],[-57.48901,-36.65511],[-57.47457,-36.66675],[-57.47436,-36.66698],[-57.46905,-36.67608],[-57.46617,-36.68071],[-57.46527,-36.6822],[-57.46516,-36.68233],[-57.46499,-36.68246],[-57.4647,-36.68262]]}},{"type":"Feature","properties":{"id":181594916,"name":"Camino provincial secundario 066-01","ref":"066-01","highway":"tertiary","surface":"unpaved"},"geometry":{"type":"LineString","coordinates":[[-57.87928,-36.87648],[-57.87915,-36.87658],[-57.87725,-36.87835],[-57.87656,-36.87901],[-57.87631,-36.87924],[-57.87607,-36.87942],[-57.87576,-36.87959],[-57.87469,-36.88015]]}},{"type":"Feature","properties":{"id":181595071,"name":"Rivadavia","ref":null,"highway":"secondary","surface":null},"geometry":{"type":"LineString","coordinates":[[-57.87465,-36.86782],[-57.87513,-36.86745],[-57.87563,-36.86707],[-57.87612,-36.86669],[-57.87661,-36.86632],[-57.8771,-36.86594],[-57.87758,-36.86557],[-57.87767,-36.8655],[-57.87864,-36.86475],[-57.87964,-36.86398],[-57.88062,-36.86323],[-57.8816,-36.86248],[-57.88257,-36.86173]]}},{"type":"Feature","properties":{"id":181595222,"name":"Avenida Ayacucho","ref":null,"highway":"tertiary","surface":"unpaved"},"geometry":{"type":"LineString","coordinates":[[-57.87927,-36.87333],[-57.88025,-36.87258],[-57.88124,-36.87183]]}},{"type":"Feature","properties":{"id":181595223,"name":"San Martín","ref":null,"highway":"tertiary","surface":"paved"},"geometry":{"type":"LineString","coordinates":[[-57.88893,-36.87506],[-57.88714,-36.87355],[-57.88525,-36.87195],[-57.88424,-36.87111],[-57.88323,-36.87025]]}},{"type":"Feature","properties":{"id":181595232,"name":"Hipólito Yrigoyen","ref":null,"highway":"tertiary","surface":null},"geometry":{"type":"LineString","coordinates":[[-57.87386,-36.86228],[-57.87389,-36.86218],[-57.8748,-36.86149],[-57.87579,-36.86073],[-57.87678,-36.85998],[-57.87777,-36.85923],[-57.87875,-36.85849],[-57.87975,-36.85773]]}},{"type":"Feature","properties":{"id":181615699,"name":"Belgrano","ref":null,"highway":"tertiary","surface":null},"geometry":{"type":"LineString","coordinates":[[-57.87034,-36.85136],[-57.87117,-36.85207],[-57.87213,-36.85288],[-57.87307,-36.85368],[-57.874,-36.85446],[-57.87493,-36.85526],[-57.87586,-36.85604],[-57.87686,-36.85689],[-57.87782,-36.8577],[-57.87875,-36.85849],[-57.87882,-36.85855],[-57.87974,-36.85933],[-57.88069,-36.86014],[-57.88162,-36.86092],[-57.88257,-36.86173],[-57.8835,-36.86252],[-57.88443,-36.8633]]}},{"type":"Feature","properties":{"id":181998801,"name":"Alsina","ref":null,"highway":"secondary","surface":null},"geometry":{"type":"LineString","coordinates":[[-57.88443,-36.8633],[-57.88345,-36.86405],[-57.88247,-36.86479],[-57.88176,-36.86533],[-57.88149,-36.86554],[-57.88048,-36.86632],[-57.87952,-36.86706],[-57.87942,-36.86713],[-57.87933,-36.8672],[-57.87846,-36.86788],[-57.87825,-36.86804],[-57.87747,-36.86863],[-57.87649,-36.86939],[-57.87602,-36.86975],[-57.8755,-36.87014],[-57.87502,-36.87051],[-57.87454,-36.87089],[-57.8739,-36.87137]]}},{"type":"Feature","properties":{"id":182006803,"name":null,"ref":null,"highway":"unclassified","surface":"unpaved"},"geometry":{"type":"LineString","coordinates":[[-57.86287,-36.86168],[-57.86276,-36.86168],[-57.86268,-36.86167],[-57.8626,-36.86162],[-57.85531,-36.85546],[-57.85503,-36.85523],[-57.85492,-36.85516],[-57.85482,-36.85512],[-57.85471,-36.85509],[-57.85457,-36.85508],[-57.85444,-36.85508],[-57.84709,-36.85569],[-57.84653,-36.85573],[-57.84624,-36.85573],[-57.84598,-36.85571],[-57.84526,-36.85566],[-57.84513,-36.85566],[-57.84498,-36.85566],[-57.84481,-36.85568],[-57.84469,-36.8557],[-57.84453,-36.85574],[-57.84416,-36.85587],[-57.84398,-36.85591],[-57.84378,-36.85593],[-57.84159,-36.85614],[-57.84148,-36.85613],[-57.84139,-36.85612],[-57.8413,-36.85608],[-57.8407,-36.85571],[-57.83948,-36.85503],[-57.8392,-36.85486],[-57.83903,-36.85473],[-57.83766,-36.85431],[-57.83756,-36.85429],[-57.83746,-36.85427],[-57.83738,-36.85426],[-57.83731,-36.85426],[-57.83722,-36.85427],[-57.83716,-36.85429],[-57.8371,-36.85431],[-57.83703,-36.85435],[-57.83696,-36.8544],[-57.83687,-36.85447],[-57.83677,-36.85461],[-57.83666,-36.8548],[-57.83661,-36.85486],[-57.83659,-36.85487],[-57.83655,-36.8549],[-57.8365,-36.85491],[-57.83646,-36.85492],[-57.83639,-36.85492],[-57.83631,-36.85493],[-57.81285,-36.85252],[-57.80873,-36.85211]]}},{"type":"Feature","properties":{"id":182006975,"name":null,"ref":null,"highway":"unclassified","surface":"unpaved"},"geometry":{"type":"LineString","coordinates":[[-57.79928,-36.85139],[-57.79886,-36.85108],[-57.78967,-36.84429],[-57.78894,-36.84243],[-57.78925,-36.83632],[-57.78534,-36.8301],[-57.78701,-36.82152],[-57.78645,-36.82104]]}},{"type":"Feature","properties":{"id":182006976,"name":null,"ref":null,"highway":"unclassified","surface":null},"geometry":{"type":"LineString","coordinates":[[-57.81285,-36.85252],[-57.81268,-36.85226],[-57.81259,-36.85078],[-57.80216,-36.84594],[-57.80036,-36.85029],[-57.79886,-36.85108],[-57.79671,-36.85269],[-57.79684,-36.85676]]}},{"type":"Feature","properties":{"id":182006977,"name":null,"ref":null,"highway":"unclassified","surface":"unpaved"},"geometry":{"type":"LineString","coordinates":[[-57.76984,-36.76904],[-57.77181,-36.76717],[-57.77207,-36.76697],[-57.77235,-36.7668],[-57.7744,-36.7658],[-57.7746,-36.76572],[-57.77481,-36.76567],[-57.77547,-36.7656],[-57.77575,-36.76561],[-57.77665,-36.76568],[-57.77697,-36.7657],[-57.77722,-36.76567],[-57.77745,-36.7656],[-57.77806,-36.76534],[-57.77829,-36.7652],[-57.77849,-36.76504],[-57.77868,-36.76488],[-57.77929,-36.76401],[-57.77951,-36.76376],[-57.77954,-36.76371],[-57.77955,-36.76365],[-57.77954,-36.76359],[-57.77948,-36.76349]]}},{"type":"Feature","properties":{"id":194388785,"name":"Camino provincial secundario 066-03","ref":"066-03","highway":"tertiary","surface":"unpaved"},"geometry":{"type":"LineString","coordinates":[[-57.30442,-36.68623],[-57.30472,-36.68609],[-57.30497,-36.68604],[-57.30519,-36.68601],[-57.30546,-36.68604],[-57.31802,-36.68682],[-57.3372,-36.68724],[-57.34689,-36.68748],[-57.34715,-36.68751],[-57.34744,-36.6876],[-57.3501,-36.68905],[-57.35037,-36.68915],[-57.35069,-36.6892],[-57.35103,-36.68922],[-57.35497,-36.68929],[-57.35527,-36.6893],[-57.35653,-36.68943],[-57.35687,-36.68944],[-57.35835,-36.68948],[-57.36199,-36.68954],[-57.3623,-36.68952],[-57.36266,-36.68947],[-57.36287,-36.68942],[-57.36309,-36.68929],[-57.36848,-36.68516],[-57.36864,-36.68506],[-57.3689,-36.68493],[-57.37634,-36.68254],[-57.3854,-36.67968],[-57.38574,-36.67958],[-57.38613,-36.67951],[-57.38756,-36.67929],[-57.38795,-36.6792],[-57.3882,-36.67913],[-57.38836,-36.67907],[-57.38876,-36.67884],[-57.39791,-36.67298],[-57.4122,-36.66384],[-57.4125,-36.6636],[-57.41284,-36.66334],[-57.41702,-36.65926],[-57.41722,-36.65911],[-57.41748,-36.65903],[-57.41786,-36.659],[-57.41872,-36.65906],[-57.42377,-36.65939],[-57.42414,-36.65946],[-57.42443,-36.65956],[-57.42574,-36.66011],[-57.42595,-36.66023],[-57.42617,-36.66041],[-57.42648,-36.66067],[-57.42901,-36.66314],[-57.43654,-36.67021],[-57.44467,-36.67727],[-57.44507,-36.67758],[-57.44663,-36.67866],[-57.44713,-36.67903],[-57.44736,-36.67917],[-57.44764,-36.67931],[-57.45656,-36.68235],[-57.4567,-36.68238],[-57.45687,-36.68241],[-57.45727,-36.68245],[-57.4647,-36.68262],[-57.4654,-36.68263],[-57.48516,-36.68293],[-57.48576,-36.68298],[-57.48635,-36.68308],[-57.49912,-36.68599],[-57.5066,-36.68763],[-57.50704,-36.68768],[-57.50769,-36.68771],[-57.51079,-36.68772],[-57.52049,-36.68763],[-57.52075,-36.68764],[-57.53537,-36.68751],[-57.54193,-36.6875],[-57.55731,-36.68738],[-57.56472,-36.68737],[-57.56489,-36.68737],[-57.56726,-36.68753],[-57.56809,-36.68758],[-57.56892,-36.68757],[-57.57127,-36.68743],[-57.57207,-36.68738],[-57.57284,-36.68736],[-57.574,-36.68736],[-57.58931,-36.68769],[-57.58957,-36.68775],[-57.58976,-36.68781],[-57.58994,-36.68791],[-57.59009,-36.68809],[-57.59017,-36.68828],[-57.59018,-36.69242],[-57.59019,-36.70007],[-57.59018,-36.70136],[-57.59019,-36.70229],[-57.59019,-36.70341],[-57.59023,-36.70454],[-57.59016,-36.70682]]}},{"type":"Feature","properties":{"id":194388797,"name":null,"ref":null,"highway":"unclassified","surface":"unpaved"},"geometry":{"type":"LineString","coordinates":[[-57.23382,-36.78156],[-57.2341,-36.78175],[-57.24674,-36.79271],[-57.25714,-36.80159],[-57.2638,-36.8048],[-57.27316,-36.81284],[-57.27327,-36.81311],[-57.27319,-36.81499],[-57.27324,-36.81532],[-57.27489,-36.81711],[-57.27496,-36.81725],[-57.27491,-36.81739],[-57.26665,-36.8235],[-57.26573,-36.82479],[-57.26549,-36.82497],[-57.26497,-36.825],[-57.26412,-36.82493],[-57.26366,-36.82493],[-57.26342,-36.82502],[-57.26312,-36.82516],[-57.25771,-36.82937],[-57.22931,-36.85072],[-57.22915,-36.85088],[-57.22906,-36.85099],[-57.22887,-36.85128],[-57.22856,-36.85189],[-57.22843,-36.85222],[-57.22828,-36.85282]]}},{"type":"Feature","properties":{"id":194388805,"name":null,"ref":null,"highway":"unclassified","surface":"unpaved"},"geometry":{"type":"LineString","coordinates":[[-57.17116,-36.74786],[-57.17219,-36.74944],[-57.1741,-36.75108],[-57.17607,-36.75281],[-57.17644,-36.75297],[-57.17659,-36.75336],[-57.17983,-36.75554],[-57.185,-36.75887],[-57.18605,-36.7597],[-57.18658,-36.76046],[-57.18678,-36.76129],[-57.18665,-36.76251],[-57.18706,-36.76354],[-57.18779,-36.76512],[-57.18877,-36.76692],[-57.18927,-36.76778],[-57.19013,-36.76859],[-57.19066,-36.76914],[-57.19321,-36.77121],[-57.19339,-36.77139]]}},{"type":"Feature","properties":{"id":194857106,"name":"Camino provincial secundario 066-02","ref":"066-02","highway":"tertiary","surface":"unpaved"},"geometry":{"type":"LineString","coordinates":[[-57.45727,-36.68245],[-57.45698,-36.68251],[-57.45684,-36.68257],[-57.45674,-36.68261],[-57.4532,-36.68457],[-57.45289,-36.68478],[-57.4461,-36.68985],[-57.44447,-36.69088],[-57.44413,-36.69104],[-57.44337,-36.69133],[-57.44277,-36.69164],[-57.44246,-36.69186],[-57.44223,-36.69209],[-57.44196,-36.69245],[-57.43993,-36.69645],[-57.43985,-36.69664],[-57.43901,-36.6991],[-57.4384,-36.70059],[-57.43812,-36.70115],[-57.438,-36.70137],[-57.43786,-36.70154],[-57.43738,-36.702],[-57.43577,-36.70346],[-57.42312,-36.71435],[-57.42284,-36.71456],[-57.42255,-36.71475],[-57.42214,-36.71493],[-57.42178,-36.71502],[-57.41973,-36.71523],[-57.41947,-36.71527],[-57.4192,-36.71538],[-57.41893,-36.71554],[-57.41554,-36.71827],[-57.41533,-36.71849],[-57.4152,-36.71867],[-57.40601,-36.7325],[-57.4059,-36.7327],[-57.40585,-36.73291],[-57.40587,-36.73323],[-57.4069,-36.73877],[-57.40702,-36.73929],[-57.40794,-36.74239],[-57.40808,-36.7428],[-57.40906,-36.74526],[-57.41043,-36.74867],[-57.41474,-36.76048],[-57.41549,-36.76252],[-57.41556,-36.76291],[-57.41556,-36.76332],[-57.41552,-36.76361],[-57.41544,-36.76383]]}},{"type":"Feature","properties":{"id":194857107,"name":"Camino provincial secundario 066-02","ref":"066-02","highway":"tertiary","surface":"unpaved"},"geometry":{"type":"LineString","coordinates":[[-57.45639,-36.83449],[-57.45657,-36.83468],[-57.45688,-36.83507],[-57.46693,-36.84774],[-57.46707,-36.84786],[-57.46724,-36.84797],[-57.46759,-36.84802],[-57.47515,-36.84815],[-57.47604,-36.84823],[-57.47698,-36.84844],[-57.47773,-36.84872],[-57.47841,-36.84908],[-57.47899,-36.84951],[-57.47958,-36.85005],[-57.48386,-36.85497],[-57.48554,-36.85687],[-57.48967,-36.86153],[-57.49016,-36.86197],[-57.49075,-36.86241],[-57.49137,-36.86271],[-57.49206,-36.86297],[-57.49271,-36.86314],[-57.49343,-36.86325],[-57.49408,-36.86327],[-57.4949,-36.86323],[-57.49566,-36.8631],[-57.49634,-36.86291],[-57.49694,-36.86268],[-57.49749,-36.86238],[-57.49774,-36.86219],[-57.49797,-36.86202],[-57.5006,-36.85954],[-57.5011,-36.8591],[-57.50146,-36.8589],[-57.50185,-36.85877],[-57.50234,-36.85868],[-57.5041,-36.85851],[-57.50472,-36.85851],[-57.50526,-36.85855],[-57.50569,-36.85864],[-57.50634,-36.85882],[-57.54221,-36.86959],[-57.5578,-36.87426],[-57.57035,-36.87801],[-57.59211,-36.88449],[-57.60351,-36.88787],[-57.62233,-36.89353],[-57.6289,-36.89549],[-57.65877,-36.90443],[-57.65887,-36.90446]]}},{"type":"Feature","properties":{"id":194857535,"name":"Camino provincial secundario 039-08","ref":"039-08","highway":"tertiary","surface":"unpaved"},"geometry":{"type":"LineString","coordinates":[[-57.41928,-37.01162],[-57.41887,-37.01156],[-57.41866,-37.01151],[-57.41846,-37.01145],[-57.41699,-37.0109],[-57.4168,-37.01085],[-57.41659,-37.0108],[-57.41646,-37.01079],[-57.41631,-37.01079],[-57.41617,-37.01082],[-57.41604,-37.01086],[-57.41538,-37.01119],[-57.41519,-37.01125],[-57.41496,-37.01127],[-57.41465,-37.01127]]}},{"type":"Feature","properties":{"id":194857536,"name":"Camino Secundario 066-01","ref":"066-01","highway":"tertiary","surface":"unpaved"},"geometry":{"type":"LineString","coordinates":[[-57.72977,-36.91038],[-57.72923,-36.91058],[-57.7287,-36.9108],[-57.72836,-36.91099],[-57.72814,-36.91116],[-57.72791,-36.91137],[-57.71556,-36.92382],[-57.71541,-36.92401],[-57.70772,-36.93559],[-57.70731,-36.9361],[-57.70387,-36.93974],[-57.70367,-36.93992],[-57.70338,-36.9401],[-57.69887,-36.94208],[-57.69849,-36.94227],[-57.69216,-36.94573],[-57.69131,-36.94618],[-57.69113,-36.94624],[-57.69086,-36.9463],[-57.69061,-36.94631],[-57.68845,-36.94626],[-57.6881,-36.94628],[-57.68774,-36.94636],[-57.68623,-36.94673],[-57.68586,-36.94685],[-57.68537,-36.94706],[-57.68221,-36.94878],[-57.68198,-36.94897],[-57.68182,-36.94916],[-57.68007,-36.95161],[-57.6799,-36.9519],[-57.6798,-36.95229],[-57.67949,-36.95533],[-57.67945,-36.95553],[-57.67936,-36.95571],[-57.6792,-36.9559],[-57.67909,-36.95601],[-57.67891,-36.95616],[-57.66952,-36.96252],[-57.66922,-36.96274],[-57.66894,-36.96304],[-57.6675,-36.9647],[-57.66727,-36.96503],[-57.66699,-36.9654],[-57.66623,-36.96647],[-57.66293,-36.97152],[-57.66286,-36.97163],[-57.66283,-36.97176],[-57.66284,-36.97192],[-57.66287,-36.97206],[-57.66383,-36.97516],[-57.66379,-36.97519],[-57.65086,-36.98443],[-57.65063,-36.98464],[-57.64899,-36.98629],[-57.64874,-36.98641],[-57.64839,-36.98653],[-57.64251,-36.98766],[-57.64216,-36.98767],[-57.64178,-36.98765],[-57.62854,-36.98409],[-57.62829,-36.98405],[-57.62801,-36.98409],[-57.61181,-36.98644],[-57.61144,-36.98644],[-57.59905,-36.98641],[-57.59574,-36.98655],[-57.59385,-36.98661],[-57.58335,-36.98629],[-57.58271,-36.98625],[-57.58223,-36.98619],[-57.56828,-36.98421],[-57.56253,-36.98349],[-57.53865,-36.98117],[-57.53835,-36.98116],[-57.5381,-36.9812],[-57.53609,-36.98184],[-57.53534,-36.98199],[-57.534,-36.98212],[-57.53358,-36.98213],[-57.53227,-36.98209],[-57.53176,-36.98218],[-57.52473,-36.98387],[-57.51601,-36.98601],[-57.51566,-36.98612],[-57.51541,-36.98624],[-57.51497,-36.9865],[-57.5093,-36.99061],[-57.50922,-36.99068],[-57.50425,-36.9943],[-57.50406,-36.99448],[-57.50394,-36.99463],[-57.50359,-36.9952],[-57.50346,-36.99535],[-57.50324,-36.9955],[-57.50305,-36.99556],[-57.50249,-36.99572],[-57.50215,-36.99587],[-57.50186,-36.99605],[-57.49479,-37.0012],[-57.49455,-37.00145],[-57.49435,-37.00174],[-57.49419,-37.00212],[-57.49412,-37.00248],[-57.49381,-37.00835],[-57.49344,-37.01619],[-57.49341,-37.01642],[-57.49334,-37.01662],[-57.49321,-37.01676],[-57.4931,-37.01682],[-57.49297,-37.01685],[-57.49269,-37.01689]]}},{"type":"Feature","properties":{"id":194857537,"name":"Camino provincial secundario 039-08","ref":"039-08","highway":"tertiary","surface":"unpaved"},"geometry":{"type":"LineString","coordinates":[[-57.21473,-36.95807],[-57.22012,-36.9662],[-57.22035,-36.96647],[-57.22243,-36.96847],[-57.22538,-36.97118],[-57.23429,-36.97938],[-57.23545,-36.98045],[-57.23562,-36.9806],[-57.2357,-36.98066],[-57.23586,-36.98073],[-57.24125,-36.98195],[-57.24154,-36.98206],[-57.24184,-36.9822],[-57.24598,-36.98451],[-57.25072,-36.98688],[-57.25081,-36.98694],[-57.25097,-36.98705],[-57.25357,-36.98968],[-57.25372,-36.98975],[-57.25387,-36.98978],[-57.254,-36.98979],[-57.26524,-36.98861],[-57.26549,-36.98859],[-57.26571,-36.98861],[-57.26591,-36.98868],[-57.26978,-36.99145],[-57.27008,-36.9916],[-57.27417,-36.99331],[-57.27435,-36.99335],[-57.27452,-36.99334],[-57.2847,-36.99154],[-57.29291,-36.9906],[-57.29346,-36.99048],[-57.29729,-36.98946],[-57.30291,-36.98796],[-57.30539,-36.98745],[-57.30561,-36.98743],[-57.30579,-36.98747],[-57.30875,-36.98825],[-57.30894,-36.98831],[-57.30914,-36.9884],[-57.30943,-36.98859],[-57.31005,-36.98907],[-57.31038,-36.98937],[-57.31647,-36.99587],[-57.31668,-36.9961],[-57.31676,-36.99621],[-57.3168,-36.9963],[-57.31682,-36.99641],[-57.31679,-36.99654],[-57.31672,-36.99669],[-57.31636,-36.99732],[-57.31605,-36.99863],[-57.31606,-36.99873],[-57.3161,-36.99882],[-57.31618,-36.99888],[-57.31631,-36.99894],[-57.31999,-36.99971],[-57.32005,-36.99974],[-57.32011,-36.99978],[-57.32014,-36.99984],[-57.32015,-36.99993],[-57.32013,-37.00013],[-57.31931,-37.00417],[-57.31933,-37.00425],[-57.31936,-37.00432],[-57.31941,-37.00437],[-57.31948,-37.00441],[-57.31962,-37.00444]]}},{"type":"Feature","properties":{"id":194911217,"name":"Camino provincial secundario 066-02","ref":"066-02","highway":"tertiary","surface":"unpaved"},"geometry":{"type":"LineString","coordinates":[[-57.44435,-36.58575],[-57.44967,-36.58941],[-57.45365,-36.59225],[-57.45612,-36.59392],[-57.46612,-36.60051],[-57.46624,-36.60061],[-57.46634,-36.60077],[-57.4664,-36.60092],[-57.46646,-36.60127]]}},{"type":"Feature","properties":{"id":194933615,"name":"Camino Secundario 066-04","ref":"066-04","highway":"tertiary","surface":"unpaved"},"geometry":{"type":"LineString","coordinates":[[-57.37276,-36.87506],[-57.37374,-36.87811],[-57.37384,-36.87835],[-57.37399,-36.87861],[-57.37418,-36.87889],[-57.37524,-36.88041],[-57.37557,-36.88071],[-57.37815,-36.88273],[-57.37836,-36.88286],[-57.37993,-36.88361],[-57.38025,-36.8838],[-57.3807,-36.88412],[-57.38133,-36.88466],[-57.38162,-36.88493],[-57.38307,-36.8865],[-57.38327,-36.88677],[-57.38644,-36.89318],[-57.38889,-36.89813],[-57.38956,-36.89912],[-57.38958,-36.89925],[-57.38954,-36.89935],[-57.38946,-36.89946],[-57.38699,-36.90136],[-57.38685,-36.90151],[-57.38676,-36.9017],[-57.38669,-36.90197],[-57.38622,-36.90699],[-57.38437,-36.92831],[-57.38357,-36.93747],[-57.38311,-36.9431],[-57.38311,-36.94311],[-57.38174,-36.95826],[-57.38075,-36.96956],[-57.3796,-36.98231],[-57.37909,-36.98804],[-57.37727,-37.00846]]}},{"type":"Feature","properties":{"id":194947515,"name":null,"ref":null,"highway":"unclassified","surface":"unpaved"},"geometry":{"type":"LineString","coordinates":[[-57.2638,-36.8048],[-57.2816,-36.79128],[-57.28477,-36.79389],[-57.28639,-36.7923],[-57.28726,-36.79087],[-57.28872,-36.78729],[-57.29147,-36.77959],[-57.29344,-36.77575],[-57.29344,-36.77506],[-57.29761,-36.77051],[-57.2979,-36.77031],[-57.29824,-36.77026],[-57.29846,-36.7703]]}},{"type":"Feature","properties":{"id":194948514,"name":"Camino provincial secundario 066-04","ref":"066-04","highway":"tertiary","surface":"unpaved"},"geometry":{"type":"LineString","coordinates":[[-57.35528,-36.88286],[-57.35505,-36.88254],[-57.3549,-36.88231],[-57.3548,-36.8822],[-57.35466,-36.88215],[-57.3543,-36.88213],[-57.35355,-36.88215],[-57.35334,-36.88213],[-57.35315,-36.88209],[-57.35297,-36.88203],[-57.34803,-36.88042],[-57.34786,-36.88037],[-57.34769,-36.88034],[-57.34751,-36.88036],[-57.33192,-36.88274],[-57.33173,-36.88274],[-57.33156,-36.88271],[-57.33144,-36.88266],[-57.33128,-36.88258],[-57.33114,-36.88248],[-57.32598,-36.87807],[-57.32581,-36.87794],[-57.32563,-36.87785],[-57.32546,-36.87778],[-57.31818,-36.87576],[-57.31769,-36.87555],[-57.31192,-36.87252],[-57.30494,-36.86892],[-57.30191,-36.86704],[-57.30167,-36.8669],[-57.30148,-36.86682],[-57.3012,-36.86677],[-57.29198,-36.86599],[-57.29144,-36.86596],[-57.29101,-36.86597],[-57.29013,-36.86602],[-57.28978,-36.86609],[-57.28952,-36.86625],[-57.28431,-36.87014],[-57.2841,-36.87028],[-57.2839,-36.87037],[-57.28362,-36.87043],[-57.28333,-36.87042],[-57.28306,-36.87039],[-57.28276,-36.87032],[-57.28123,-36.8698],[-57.27729,-36.86855],[-57.27132,-36.86628],[-57.27096,-36.86618],[-57.27067,-36.86614],[-57.2703,-36.86613],[-57.2636,-36.86645],[-57.26324,-36.86652],[-57.26293,-36.86662],[-57.26018,-36.86805],[-57.26001,-36.86809],[-57.25987,-36.8681],[-57.25975,-36.86808],[-57.25961,-36.86804],[-57.2595,-36.86799],[-57.25925,-36.86782],[-57.25601,-36.86549],[-57.25583,-36.86539],[-57.25563,-36.86532],[-57.24263,-36.8619],[-57.24236,-36.86185],[-57.24213,-36.86184],[-57.23459,-36.86228],[-57.22773,-36.8626],[-57.22759,-36.86264],[-57.22753,-36.86266],[-57.22748,-36.86269],[-57.22742,-36.86275],[-57.22738,-36.8628],[-57.22062,-36.87533],[-57.22043,-36.87558],[-57.2202,-36.87575],[-57.21986,-36.87588],[-57.21537,-36.87743],[-57.21472,-36.87763],[-57.21432,-36.87771],[-57.21401,-36.87772],[-57.21161,-36.87769],[-57.21108,-36.87768],[-57.21084,-36.87766],[-57.21068,-36.87762],[-57.21047,-36.87754],[-57.21027,-36.87749],[-57.21013,-36.87747],[-57.19897,-36.87675]]}},{"type":"Feature","properties":{"id":196582812,"name":null,"ref":null,"highway":"unclassified","surface":"unpaved"},"geometry":{"type":"LineString","coordinates":[[-57.83334,-37.08451],[-57.83343,-37.0843],[-57.83362,-37.0837],[-57.83374,-37.0833],[-57.83384,-37.08305],[-57.83391,-37.08293],[-57.83398,-37.08285],[-57.83408,-37.08277],[-57.83419,-37.0827],[-57.83434,-37.08265],[-57.83447,-37.08261],[-57.83604,-37.08229],[-57.83989,-37.08154],[-57.83998,-37.0815],[-57.8402,-37.08137]]}},{"type":"Feature","properties":{"id":196582834,"name":"Camino Secundario 066-05","ref":"066-05","highway":"tertiary","surface":"unpaved"},"geometry":{"type":"LineString","coordinates":[[-57.6232,-37.15487],[-57.62412,-37.15285],[-57.62508,-37.15029],[-57.62906,-37.14033],[-57.62923,-37.1398],[-57.62929,-37.13948],[-57.6293,-37.13932],[-57.62931,-37.13919],[-57.62894,-37.13572],[-57.62848,-37.12982],[-57.62823,-37.12587],[-57.62751,-37.12088],[-57.62759,-37.12053],[-57.62775,-37.12031],[-57.62937,-37.11895],[-57.62984,-37.11841],[-57.63017,-37.11791],[-57.63032,-37.11753],[-57.63029,-37.11713],[-57.62595,-37.10808],[-57.62567,-37.10764],[-57.62498,-37.10679],[-57.62475,-37.10645],[-57.61833,-37.09349],[-57.61799,-37.09259],[-57.61786,-37.09195],[-57.61795,-37.09133],[-57.61816,-37.09077],[-57.61976,-37.08748],[-57.62053,-37.08587],[-57.62057,-37.08558],[-57.62044,-37.08524],[-57.61856,-37.08123],[-57.61848,-37.08085],[-57.61851,-37.08051],[-57.62029,-37.07389],[-57.62035,-37.07353],[-57.62033,-37.07335],[-57.62022,-37.07317],[-57.61628,-37.06964],[-57.61623,-37.06954],[-57.61622,-37.06945],[-57.61624,-37.06936],[-57.61632,-37.06927],[-57.62525,-37.06288],[-57.62892,-37.06032],[-57.62979,-37.05984],[-57.64507,-37.04903],[-57.6464,-37.04809],[-57.66876,-37.03221],[-57.68018,-37.02425],[-57.6845,-37.02121],[-57.69887,-37.01099],[-57.70137,-37.00921],[-57.70409,-37.00727],[-57.7113,-37.00216],[-57.71414,-37.00014],[-57.71431,-37.00005],[-57.71447,-36.99998],[-57.71472,-36.99993],[-57.71483,-36.99987],[-57.71488,-36.99978],[-57.71489,-36.99964],[-57.71397,-36.99763],[-57.70397,-36.97573],[-57.70242,-36.97226],[-57.70221,-36.97187],[-57.70144,-36.9709],[-57.69785,-36.96286],[-57.69774,-36.96264],[-57.69766,-36.96258],[-57.69758,-36.96255],[-57.69747,-36.96256],[-57.69156,-36.96439],[-57.68471,-36.96651],[-57.67222,-36.96993],[-57.67203,-36.97],[-57.67188,-36.97007],[-57.66865,-36.97199],[-57.66383,-36.97516]]}},{"type":"Feature","properties":{"id":231512500,"name":null,"ref":null,"highway":"unclassified","surface":"unpaved"},"geometry":{"type":"LineString","coordinates":[[-57.26586,-36.90792],[-57.26605,-36.90775],[-57.2663,-36.90763],[-57.26965,-36.90511]]}},{"type":"Feature","properties":{"id":231514416,"name":null,"ref":null,"highway":"unclassified","surface":"unpaved"},"geometry":{"type":"LineString","coordinates":[[-57.29901,-36.77017],[-57.2992,-36.77011],[-57.30151,-36.77004],[-57.3149,-36.76949],[-57.31936,-36.76688],[-57.32709,-36.7655],[-57.32769,-36.76498]]}},{"type":"Feature","properties":{"id":231514417,"name":null,"ref":null,"highway":"unclassified","surface":"concrete"},"geometry":{"type":"LineString","coordinates":[[-57.29846,-36.7703],[-57.29901,-36.77017]]}},{"type":"Feature","properties":{"id":231517136,"name":null,"ref":null,"highway":"unclassified","surface":"unpaved"},"geometry":{"type":"LineString","coordinates":[[-57.33621,-36.72134],[-57.33624,-36.7214],[-57.3363,-36.72143],[-57.33639,-36.72144],[-57.33662,-36.72143],[-57.33685,-36.72145],[-57.33703,-36.72152],[-57.33803,-36.72205],[-57.3398,-36.72303],[-57.3408,-36.72361],[-57.34236,-36.7245],[-57.34406,-36.72542],[-57.34583,-36.72639],[-57.34738,-36.72725],[-57.34902,-36.72816],[-57.35046,-36.72898],[-57.3519,-36.72977],[-57.35355,-36.73069],[-57.35519,-36.7316],[-57.35723,-36.73272],[-57.35894,-36.73366],[-57.36083,-36.73469],[-57.3625,-36.73564],[-57.36397,-36.73643],[-57.36487,-36.73693],[-57.36643,-36.7378],[-57.36789,-36.73859],[-57.36885,-36.73913],[-57.37047,-36.74002]]}},{"type":"Feature","properties":{"id":231517139,"name":null,"ref":null,"highway":"unclassified","surface":"concrete"},"geometry":{"type":"LineString","coordinates":[[-57.33615,-36.72108],[-57.33621,-36.72134]]}},{"type":"Feature","properties":{"id":231517769,"name":"Camino provincial secundario 066-02","ref":"066-02","highway":"tertiary","surface":"concrete"},"geometry":{"type":"LineString","coordinates":[[-57.41544,-36.76383],[-57.41526,-36.76408]]}},{"type":"Feature","properties":{"id":231517770,"name":"Camino provincial secundario 066-02","ref":"066-02","highway":"tertiary","surface":"unpaved"},"geometry":{"type":"LineString","coordinates":[[-57.41456,-36.76485],[-57.41303,-36.76673],[-57.41061,-36.77017],[-57.41037,-36.77061],[-57.4091,-36.77369],[-57.40904,-36.77396],[-57.40922,-36.77567],[-57.40934,-36.77744],[-57.40935,-36.77829],[-57.40931,-36.7787],[-57.40921,-36.77914],[-57.40886,-36.78001],[-57.40619,-36.78659],[-57.40602,-36.78708],[-57.40589,-36.78761],[-57.40581,-36.78808],[-57.40574,-36.78862],[-57.40543,-36.7938],[-57.40542,-36.79421],[-57.4057,-36.79612],[-57.4058,-36.79644],[-57.40763,-36.79973],[-57.40766,-36.79995],[-57.40755,-36.80022],[-57.40641,-36.80141],[-57.40618,-36.8017],[-57.40599,-36.80206],[-57.40582,-36.80261],[-57.40552,-36.80365],[-57.40514,-36.80549],[-57.40446,-36.80956],[-57.40443,-36.80991],[-57.40446,-36.8107],[-57.40446,-36.81093],[-57.40441,-36.81124],[-57.40316,-36.81418],[-57.40308,-36.81448],[-57.40305,-36.8148],[-57.40307,-36.81515],[-57.40375,-36.81958],[-57.4038,-36.81966],[-57.40386,-36.8197],[-57.40395,-36.81975],[-57.40407,-36.81978],[-57.40705,-36.82],[-57.40723,-36.82],[-57.40739,-36.81996],[-57.40753,-36.81989],[-57.40975,-36.8181],[-57.40983,-36.81806],[-57.40992,-36.81805],[-57.41002,-36.81805],[-57.41013,-36.81808],[-57.42138,-36.82358],[-57.42159,-36.82367],[-57.4218,-36.82373],[-57.42258,-36.82388],[-57.42282,-36.82391],[-57.42306,-36.82393],[-57.42324,-36.82391],[-57.42928,-36.82302],[-57.42959,-36.823],[-57.43017,-36.82301],[-57.4305,-36.82298],[-57.44548,-36.82079],[-57.44593,-36.82073],[-57.44633,-36.82076],[-57.44972,-36.82131],[-57.45016,-36.82142],[-57.45349,-36.82265],[-57.45369,-36.82276],[-57.45384,-36.82288],[-57.45394,-36.82308],[-57.45505,-36.8313],[-57.45508,-36.83144],[-57.45515,-36.83158],[-57.45645,-36.83365]]}},{"type":"Feature","properties":{"id":231517771,"name":"Camino provincial secundario 066-02","ref":"066-02","highway":"tertiary","surface":"concrete"},"geometry":{"type":"LineString","coordinates":[[-57.41473,-36.76466],[-57.41456,-36.76485]]}},{"type":"Feature","properties":{"id":231517772,"name":"Camino provincial secundario 066-02","ref":"066-02","highway":"tertiary","surface":"unpaved"},"geometry":{"type":"LineString","coordinates":[[-57.41526,-36.76408],[-57.41473,-36.76466]]}},{"type":"Feature","properties":{"id":231607690,"name":"Ruta Provincial 62","ref":"RP62","highway":"tertiary","surface":"unpaved"},"geometry":{"type":"LineString","coordinates":[[-57.51203,-36.79014],[-57.51292,-36.78856],[-57.51347,-36.78774],[-57.51374,-36.78723],[-57.51449,-36.78551],[-57.51486,-36.78464],[-57.51492,-36.78444],[-57.51495,-36.78422],[-57.51496,-36.78415]]}},{"type":"Feature","properties":{"id":231607695,"name":"Ruta Provincial 62","ref":"RP62","highway":"tertiary","surface":"paved"},"geometry":{"type":"LineString","coordinates":[[-57.51176,-36.79059],[-57.51203,-36.79014]]}},{"type":"Feature","properties":{"id":231609256,"name":"Ruta Provincial 62","ref":"RP62","highway":"tertiary","surface":"unpaved"},"geometry":{"type":"LineString","coordinates":[[-57.51504,-36.78288],[-57.51502,-36.78267],[-57.51511,-36.78234],[-57.51519,-36.78214],[-57.51536,-36.78189],[-57.51673,-36.77986],[-57.51785,-36.77833],[-57.51832,-36.77776],[-57.52498,-36.77018],[-57.52955,-36.76497],[-57.5349,-36.75887],[-57.538,-36.75534],[-57.53813,-36.75517],[-57.53945,-36.75374],[-57.54045,-36.7524],[-57.541,-36.75164],[-57.54114,-36.7515],[-57.54123,-36.75139],[-57.54336,-36.74904],[-57.54414,-36.74819],[-57.5443,-36.74802],[-57.54815,-36.74466],[-57.55204,-36.74145],[-57.55214,-36.74137],[-57.55392,-36.7399],[-57.55656,-36.73756],[-57.5604,-36.73418],[-57.56053,-36.73406],[-57.56149,-36.7331],[-57.56235,-36.73217],[-57.57318,-36.71902],[-57.57366,-36.71849]]}},{"type":"Feature","properties":{"id":231609257,"name":null,"ref":null,"highway":"unclassified","surface":"unpaved"},"geometry":{"type":"LineString","coordinates":[[-57.51495,-36.78422],[-57.51481,-36.78417],[-57.51478,-36.78414],[-57.51478,-36.78411],[-57.51482,-36.78407],[-57.51488,-36.78407],[-57.51495,-36.78408],[-57.51511,-36.78415],[-57.5155,-36.78418],[-57.58116,-36.78656],[-57.59226,-36.78697],[-57.60162,-36.78733],[-57.61047,-36.78749],[-57.61475,-36.78731],[-57.61926,-36.78689],[-57.62393,-36.78609],[-57.62908,-36.7848],[-57.64353,-36.78039],[-57.65797,-36.77612],[-57.67386,-36.77114],[-57.6789,-36.76974],[-57.68296,-36.7688],[-57.70733,-36.76438],[-57.7294,-36.76039],[-57.73485,-36.75961],[-57.77201,-36.75654],[-57.79028,-36.75502],[-57.79045,-36.75501],[-57.79055,-36.75503],[-57.79069,-36.75508],[-57.79076,-36.75511],[-57.79082,-36.75516],[-57.79087,-36.75522],[-57.79093,-36.75532],[-57.79104,-36.75555],[-57.79108,-36.75558],[-57.79115,-36.75561],[-57.7912,-36.75562]]}},{"type":"Feature","properties":{"id":231609260,"name":"Ruta Provincial 62","ref":"RP62","highway":"tertiary","surface":"paved"},"geometry":{"type":"LineString","coordinates":[[-57.51496,-36.78415],[-57.51504,-36.78288]]}},{"type":"Feature","properties":{"id":231654342,"name":null,"ref":null,"highway":"unclassified","surface":"unpaved"},"geometry":{"type":"LineString","coordinates":[[-57.64332,-36.78],[-57.64353,-36.78039]]}},{"type":"Feature","properties":{"id":231654343,"name":null,"ref":null,"highway":"unclassified","surface":"unpaved"},"geometry":{"type":"LineString","coordinates":[[-57.5937,-36.71313],[-57.60037,-36.71861],[-57.60316,-36.72089],[-57.60379,-36.72119],[-57.61188,-36.7383],[-57.61243,-36.73947],[-57.61265,-36.73967],[-57.61293,-36.73983],[-57.61533,-36.74014],[-57.61565,-36.74009],[-57.61595,-36.74017],[-57.61681,-36.74131],[-57.61808,-36.74215],[-57.61902,-36.7431],[-57.62593,-36.75018],[-57.62612,-36.75056],[-57.62743,-36.75352],[-57.62769,-36.75396],[-57.63951,-36.76586],[-57.64209,-36.76555],[-57.64378,-36.76538],[-57.64662,-36.7646],[-57.64771,-36.76426],[-57.64853,-36.76429],[-57.64945,-36.76335],[-57.65582,-36.75603],[-57.65665,-36.7544],[-57.65943,-36.74875],[-57.65962,-36.74863],[-57.6617,-36.7496],[-57.6629,-36.74956],[-57.66473,-36.74956],[-57.6664,-36.74978],[-57.66709,-36.74982],[-57.66779,-36.75023],[-57.66807,-36.75011],[-57.67339,-36.74599]]}},{"type":"Feature","properties":{"id":231654344,"name":null,"ref":null,"highway":"unclassified","surface":"unpaved"},"geometry":{"type":"LineString","coordinates":[[-57.63951,-36.76586],[-57.63908,-36.76581],[-57.63808,-36.76567],[-57.63713,-36.7657],[-57.63638,-36.76576],[-57.63582,-36.76603],[-57.63559,-36.76634],[-57.63554,-36.76667],[-57.63608,-36.76777],[-57.63711,-36.76967],[-57.63745,-36.77005],[-57.63857,-36.77084],[-57.63932,-36.7716],[-57.64087,-36.77246],[-57.64235,-36.77339],[-57.64396,-36.77413],[-57.64486,-36.77468],[-57.64599,-36.775],[-57.64683,-36.77557],[-57.64715,-36.77586],[-57.64771,-36.77665],[-57.64838,-36.7777]]}},{"type":"Feature","properties":{"id":231654345,"name":null,"ref":null,"highway":"unclassified","surface":"unpaved"},"geometry":{"type":"LineString","coordinates":[[-57.64838,-36.7777],[-57.64331,-36.77928],[-57.64308,-36.77951],[-57.64324,-36.7798]]}},{"type":"Feature","properties":{"id":231654346,"name":null,"ref":null,"highway":"unclassified","surface":"concrete"},"geometry":{"type":"LineString","coordinates":[[-57.64324,-36.7798],[-57.64332,-36.78]]}},{"type":"Feature","properties":{"id":231654347,"name":null,"ref":null,"highway":"unclassified","surface":"unpaved"},"geometry":{"type":"LineString","coordinates":[[-57.59332,-36.71191],[-57.59351,-36.71256],[-57.59359,-36.71277],[-57.5937,-36.71313],[-57.58298,-36.71527],[-57.58288,-36.71527],[-57.58282,-36.71524],[-57.58275,-36.71515],[-57.58268,-36.71496],[-57.58241,-36.71392]]}},{"type":"Feature","properties":{"id":231654389,"name":null,"ref":null,"highway":"unclassified","surface":"unpaved"},"geometry":{"type":"LineString","coordinates":[[-57.64838,-36.7777],[-57.65795,-36.7748],[-57.66981,-36.77117],[-57.67554,-36.76943],[-57.68035,-36.76823],[-57.68732,-36.7668],[-57.69693,-36.76505],[-57.70669,-36.76335],[-57.7203,-36.7608],[-57.72848,-36.75933],[-57.73652,-36.75826],[-57.74755,-36.75735],[-57.76483,-36.75594],[-57.78038,-36.75467],[-57.7982,-36.7533],[-57.80125,-36.7531],[-57.80215,-36.75301],[-57.80225,-36.753],[-57.80232,-36.75297],[-57.80236,-36.75292],[-57.80238,-36.75287],[-57.80248,-36.75273],[-57.8026,-36.75266]]}},{"type":"Feature","properties":{"id":263586260,"name":"Ruta Provincial 62","ref":"RP62","highway":"tertiary","surface":"unpaved"},"geometry":{"type":"LineString","coordinates":[[-57.1561,-36.97327],[-57.1568,-36.97294],[-57.15964,-36.97161],[-57.16018,-36.97143],[-57.17159,-36.96616],[-57.17183,-36.96605],[-57.1722,-36.96594],[-57.17252,-36.96588],[-57.17289,-36.96588],[-57.17797,-36.96612],[-57.17822,-36.96613],[-57.18015,-36.96621],[-57.18044,-36.96622],[-57.19015,-36.96666],[-57.1904,-36.9667],[-57.19058,-36.96678],[-57.1907,-36.96695],[-57.19064,-36.96772],[-57.19065,-36.9678],[-57.19068,-36.96789],[-57.19072,-36.96795],[-57.1908,-36.96799],[-57.19089,-36.96803],[-57.19098,-36.96803],[-57.19109,-36.96801],[-57.19557,-36.96601],[-57.19567,-36.96597],[-57.19583,-36.96594],[-57.19605,-36.96591],[-57.19649,-36.96588],[-57.19653,-36.96589],[-57.19677,-36.9659],[-57.19696,-36.9659],[-57.19709,-36.96589],[-57.19722,-36.96586],[-57.19733,-36.96582],[-57.21473,-36.95807],[-57.22664,-36.95278],[-57.22676,-36.95271],[-57.22681,-36.95266],[-57.22686,-36.95261],[-57.2269,-36.95254],[-57.22691,-36.95249],[-57.22692,-36.95242],[-57.22688,-36.95237],[-57.22687,-36.95234],[-57.2267,-36.95214],[-57.22669,-36.95207],[-57.22671,-36.952],[-57.22677,-36.95194],[-57.23615,-36.94776],[-57.23632,-36.9477],[-57.23647,-36.94766],[-57.23659,-36.94763],[-57.2368,-36.94757],[-57.24335,-36.94466],[-57.25037,-36.94151],[-57.26299,-36.9358],[-57.26307,-36.93577],[-57.2737,-36.93096],[-57.27454,-36.93057],[-57.27483,-36.93041],[-57.28501,-36.92463],[-57.28532,-36.92445],[-57.294,-36.91952],[-57.29708,-36.91802],[-57.30418,-36.91399],[-57.31092,-36.91027],[-57.31506,-36.90777],[-57.32415,-36.90269],[-57.32605,-36.90144],[-57.34016,-36.89119],[-57.34374,-36.88861],[-57.34543,-36.8875],[-57.34602,-36.88716],[-57.35005,-36.88517],[-57.35492,-36.88281],[-57.35502,-36.88281],[-57.35509,-36.88281],[-57.35517,-36.88282],[-57.35528,-36.88286],[-57.35557,-36.88319],[-57.35574,-36.88338],[-57.3558,-36.88341],[-57.3559,-36.88342],[-57.35598,-36.88341],[-57.3654,-36.87883],[-57.37276,-36.87506],[-57.39462,-36.86441],[-57.39465,-36.86439],[-57.3947,-36.86437],[-57.39641,-36.86355],[-57.39842,-36.86268],[-57.40286,-36.86052],[-57.40291,-36.86049],[-57.41997,-36.8522],[-57.4264,-36.84897],[-57.42645,-36.84895],[-57.43455,-36.84508]]}},{"type":"Feature","properties":{"id":264836360,"name":null,"ref":null,"highway":"unclassified","surface":"unpaved"},"geometry":{"type":"LineString","coordinates":[[-57.69747,-36.96256],[-57.69789,-36.96242],[-57.73618,-36.94903],[-57.74143,-36.9466],[-57.7441,-36.94544],[-57.74462,-36.9453],[-57.75609,-36.9444],[-57.79071,-36.94162],[-57.79208,-36.94142],[-57.79303,-36.94117],[-57.80328,-36.94036]]}},{"type":"Feature","properties":{"id":264836361,"name":null,"ref":null,"highway":"unclassified","surface":"unpaved"},"geometry":{"type":"LineString","coordinates":[[-57.89244,-37.00646],[-57.89116,-37.00482],[-57.88106,-36.99612],[-57.88084,-36.99597],[-57.88042,-36.9959],[-57.88009,-36.99576],[-57.87314,-36.99165],[-57.86173,-36.98493],[-57.86161,-36.98491],[-57.86151,-36.98494],[-57.86144,-36.98501],[-57.86106,-36.98645],[-57.86101,-36.9865],[-57.86092,-36.98652],[-57.86065,-36.98647],[-57.86033,-36.98638],[-57.86022,-36.98634]]}},{"type":"Feature","properties":{"id":264836383,"name":null,"ref":null,"highway":"unclassified","surface":"unpaved"},"geometry":{"type":"LineString","coordinates":[[-57.79986,-37.01424],[-57.7997,-37.01442],[-57.79939,-37.01499],[-57.7994,-37.01508],[-57.79942,-37.01516],[-57.79948,-37.01522],[-57.79957,-37.01526],[-57.80591,-37.01739],[-57.80805,-37.01804],[-57.80833,-37.01813],[-57.80853,-37.01823],[-57.80897,-37.01853],[-57.80922,-37.0186],[-57.8095,-37.01866],[-57.80995,-37.01869],[-57.81025,-37.01866],[-57.8124,-37.01839],[-57.81261,-37.01838],[-57.81277,-37.01841],[-57.81292,-37.01852],[-57.82108,-37.02578],[-57.82683,-37.03105],[-57.82957,-37.03352],[-57.82981,-37.03353],[-57.84967,-37.01884],[-57.85002,-37.01874],[-57.85021,-37.01875],[-57.8504,-37.01877]]}},{"type":"Feature","properties":{"id":264842513,"name":null,"ref":null,"highway":"unclassified","surface":"unpaved"},"geometry":{"type":"LineString","coordinates":[[-57.9049,-36.85981],[-57.90122,-36.8566],[-57.89754,-36.85335]]}},{"type":"Feature","properties":{"id":264842518,"name":null,"ref":null,"highway":"unclassified","surface":"unpaved"},"geometry":{"type":"LineString","coordinates":[[-57.90991,-36.8623],[-57.91278,-36.86015],[-57.91671,-36.85715]]}},{"type":"Feature","properties":{"id":264842524,"name":null,"ref":null,"highway":"unclassified","surface":"unpaved"},"geometry":{"type":"LineString","coordinates":[[-57.89932,-36.84857],[-57.90145,-36.85041],[-57.90519,-36.85361],[-57.90903,-36.85695],[-57.91278,-36.86015]]}},{"type":"Feature","properties":{"id":264842525,"name":null,"ref":null,"highway":"unclassified","surface":"unpaved"},"geometry":{"type":"LineString","coordinates":[[-57.9069,-36.85849],[-57.90903,-36.85695],[-57.91302,-36.85397],[-57.91661,-36.85129],[-57.92447,-36.84543]]}},{"type":"Feature","properties":{"id":264848222,"name":"Camino provincial secundario 066-01","ref":"066-01","highway":"tertiary","surface":"unpaved"},"geometry":{"type":"LineString","coordinates":[[-57.8741,-36.88045],[-57.87293,-36.88105],[-57.87269,-36.88115],[-57.87246,-36.88124],[-57.87097,-36.88167]]}},{"type":"Feature","properties":{"id":264848223,"name":"Camino provincial secundario 066-01","ref":"066-01","highway":"tertiary","surface":"unpaved"},"geometry":{"type":"LineString","coordinates":[[-57.87469,-36.88015],[-57.87466,-36.88016],[-57.87413,-36.88043],[-57.8741,-36.88045]]}},{"type":"Feature","properties":{"id":375716856,"name":null,"ref":null,"highway":"unclassified","surface":null},"geometry":{"type":"LineString","coordinates":[[-57.89307,-36.87201],[-57.89294,-36.87197],[-57.89278,-36.87192],[-57.89267,-36.87185]]}},{"type":"Feature","properties":{"id":375716859,"name":null,"ref":null,"highway":"unclassified","surface":null},"geometry":{"type":"LineString","coordinates":[[-57.89319,-36.87204],[-57.89307,-36.87201]]}},{"type":"Feature","properties":{"id":375717474,"name":"Camino provincial secundario 066-01","ref":"066-01","highway":"tertiary","surface":"unpaved"},"geometry":{"type":"LineString","coordinates":[[-57.87063,-36.88177],[-57.86808,-36.88264],[-57.86777,-36.88272],[-57.86747,-36.88278],[-57.86708,-36.88283],[-57.86091,-36.88322],[-57.85482,-36.88379],[-57.84208,-36.88481],[-57.82608,-36.88612],[-57.80789,-36.88767],[-57.80787,-36.88767],[-57.79083,-36.88899],[-57.77807,-36.89002],[-57.77665,-36.89013],[-57.77378,-36.89037],[-57.76156,-36.8914],[-57.76115,-36.89141],[-57.76068,-36.89136],[-57.75793,-36.89097],[-57.75754,-36.89093],[-57.75717,-36.89091],[-57.75573,-36.89095],[-57.75541,-36.89098],[-57.75513,-36.89104],[-57.75485,-36.89116],[-57.75466,-36.89128],[-57.75445,-36.89148],[-57.74516,-36.90129]]}},{"type":"Feature","properties":{"id":375717475,"name":"Camino provincial secundario 066-01","ref":"066-01","highway":"tertiary","surface":"concrete"},"geometry":{"type":"LineString","coordinates":[[-57.87097,-36.88167],[-57.87063,-36.88177]]}},{"type":"Feature","properties":{"id":399649375,"name":null,"ref":null,"highway":"unclassified","surface":null},"geometry":{"type":"LineString","coordinates":[[-57.79976,-36.85579],[-57.79967,-36.85171],[-57.79928,-36.85139]]}},{"type":"Feature","properties":{"id":431278989,"name":null,"ref":null,"highway":"unclassified","surface":"unpaved"},"geometry":{"type":"LineString","coordinates":[[-57.82583,-37.08477],[-57.82535,-37.08484],[-57.82502,-37.08488],[-57.82359,-37.08505],[-57.82126,-37.08533],[-57.82085,-37.08539],[-57.81813,-37.08592],[-57.81799,-37.08596],[-57.81784,-37.08601],[-57.81774,-37.08605],[-57.81761,-37.0861],[-57.8175,-37.08616],[-57.81485,-37.08766],[-57.81474,-37.08771],[-57.8146,-37.08775],[-57.81447,-37.08776],[-57.81435,-37.08776],[-57.81417,-37.08774],[-57.81399,-37.0877],[-57.81383,-37.08764],[-57.81368,-37.08756],[-57.81356,-37.08747],[-57.80289,-37.07802],[-57.78764,-37.06458],[-57.78605,-37.06318],[-57.75953,-37.03968],[-57.73841,-37.02097],[-57.71526,-37.0002],[-57.71507,-36.99999],[-57.71489,-36.99964]]}},{"type":"Feature","properties":{"id":431279154,"name":null,"ref":null,"highway":"unclassified","surface":"unpaved"},"geometry":{"type":"LineString","coordinates":[[-57.82826,-37.08898],[-57.82845,-37.08825],[-57.82847,-37.0881],[-57.82851,-37.08798],[-57.82858,-37.08783],[-57.82866,-37.08778],[-57.82883,-37.0877],[-57.82897,-37.08764],[-57.82906,-37.0876],[-57.82909,-37.08751]]}},{"type":"Feature","properties":{"id":541456776,"name":"Hipólito Yrigoyen","ref":null,"highway":"tertiary","surface":null},"geometry":{"type":"LineString","coordinates":[[-57.87278,-36.86308],[-57.87379,-36.86234],[-57.87386,-36.86228]]}},{"type":"Feature","properties":{"id":584110394,"name":null,"ref":null,"highway":"unclassified","surface":"unpaved"},"geometry":{"type":"LineString","coordinates":[[-57.49159,-36.60803],[-57.48955,-36.60412],[-57.48706,-36.6033],[-57.48453,-36.60282],[-57.47697,-36.60403],[-57.47547,-36.60507],[-57.47496,-36.60518],[-57.46816,-36.60992],[-57.46792,-36.60998]]}},{"type":"Feature","properties":{"id":584110403,"name":null,"ref":null,"highway":"unclassified","surface":"unpaved"},"geometry":{"type":"LineString","coordinates":[[-57.40866,-36.6045],[-57.41442,-36.60742],[-57.42141,-36.61052],[-57.4228,-36.61102]]}},{"type":"Feature","properties":{"id":601111955,"name":null,"ref":null,"highway":"unclassified","surface":"unpaved"},"geometry":{"type":"LineString","coordinates":[[-57.488,-37.01659],[-57.48786,-37.01634],[-57.48763,-37.0157],[-57.4876,-37.01558],[-57.48768,-37.01546],[-57.48787,-37.01525],[-57.48794,-37.01508],[-57.48789,-37.01478],[-57.48676,-37.01114],[-57.48414,-37.00634],[-57.48373,-37.00402],[-57.48376,-37.00236],[-57.48365,-37.00203],[-57.4824,-37.0008],[-57.48169,-37.00048],[-57.48023,-36.99647],[-57.47998,-36.99614],[-57.47756,-36.99481],[-57.47672,-36.99455],[-57.47628,-36.99452],[-57.47311,-36.99519],[-57.47105,-36.99464],[-57.46953,-36.99444],[-57.46108,-36.99354],[-57.46051,-36.99327],[-57.4589,-36.99187],[-57.45846,-36.99174],[-57.45032,-36.98198],[-57.44998,-36.98202],[-57.44483,-36.98006],[-57.44452,-36.98],[-57.44426,-36.97998],[-57.44258,-36.97985],[-57.44249,-36.97984],[-57.44243,-36.97981],[-57.44241,-36.97976],[-57.44242,-36.97969],[-57.4429,-36.97798],[-57.44289,-36.97788],[-57.44282,-36.97781],[-57.4411,-36.97703],[-57.42829,-36.97583],[-57.42405,-36.97517],[-57.41491,-36.97573],[-57.41438,-36.97566],[-57.41405,-36.97554],[-57.41228,-36.97411],[-57.41196,-36.97399],[-57.39538,-36.97252],[-57.39529,-36.97251],[-57.39522,-36.97246],[-57.39519,-36.97239],[-57.39519,-36.97233],[-57.39549,-36.97164],[-57.39549,-36.97157],[-57.39546,-36.97152],[-57.39541,-36.97148],[-57.39532,-36.97146],[-57.38075,-36.96956]]}},{"type":"Feature","properties":{"id":601111956,"name":null,"ref":null,"highway":"unclassified","surface":"unpaved"},"geometry":{"type":"LineString","coordinates":[[-57.50922,-36.99068],[-57.51071,-36.97641],[-57.51058,-36.97525],[-57.51097,-36.97396],[-57.51262,-36.95754],[-57.50973,-36.9485],[-57.50955,-36.94718],[-57.51009,-36.94403],[-57.51048,-36.94288],[-57.51039,-36.94042],[-57.51123,-36.93859],[-57.51213,-36.93771],[-57.51269,-36.93744],[-57.51481,-36.93682],[-57.51548,-36.92946],[-57.51582,-36.92898],[-57.51709,-36.92423],[-57.51897,-36.92241],[-57.51932,-36.92241],[-57.52431,-36.92472],[-57.52453,-36.92469],[-57.52459,-36.92461]]}},{"type":"Feature","properties":{"id":601111957,"name":null,"ref":null,"highway":"unclassified","surface":"unpaved"},"geometry":{"type":"LineString","coordinates":[[-57.57035,-36.87801],[-57.56949,-36.87316],[-57.56748,-36.86168],[-57.56727,-36.86065],[-57.56396,-36.84752],[-57.58067,-36.85049],[-57.58801,-36.85287],[-57.60505,-36.85694],[-57.60964,-36.85855],[-57.61401,-36.85979]]}},{"type":"Feature","properties":{"id":601111958,"name":null,"ref":null,"highway":"unclassified","surface":"unpaved"},"geometry":{"type":"LineString","coordinates":[[-57.56396,-36.84752],[-57.55613,-36.8461],[-57.55361,-36.84492],[-57.54309,-36.83838],[-57.53409,-36.83885],[-57.52955,-36.83588],[-57.52797,-36.83584],[-57.52684,-36.83595],[-57.52351,-36.83653],[-57.52329,-36.83652],[-57.52314,-36.83644],[-57.52314,-36.83629],[-57.5234,-36.83531],[-57.52338,-36.835],[-57.52313,-36.83461],[-57.52147,-36.83361],[-57.52115,-36.83351],[-57.5208,-36.83359],[-57.51794,-36.8348],[-57.51554,-36.83532],[-57.51375,-36.83548],[-57.51332,-36.83545],[-57.5075,-36.83251],[-57.49943,-36.83141],[-57.49347,-36.83122],[-57.48018,-36.82879],[-57.47281,-36.82524],[-57.47257,-36.82511]]}},{"type":"Feature","properties":{"id":614434987,"name":null,"ref":null,"highway":"unclassified","surface":"unpaved"},"geometry":{"type":"LineString","coordinates":[[-57.46597,-36.82961],[-57.46599,-36.82977],[-57.46634,-36.83029],[-57.46635,-36.83038],[-57.4663,-36.83045],[-57.46617,-36.83053],[-57.45688,-36.83507]]}},{"type":"Feature","properties":{"id":614434988,"name":null,"ref":null,"highway":"unclassified","surface":"unpaved"},"geometry":{"type":"LineString","coordinates":[[-57.3654,-36.87883],[-57.36519,-36.87852],[-57.36467,-36.87778],[-57.3646,-36.87773],[-57.36452,-36.8777],[-57.36442,-36.8777],[-57.36434,-36.87771],[-57.35769,-36.88094],[-57.3549,-36.88231]]}},{"type":"Feature","properties":{"id":616285750,"name":null,"ref":null,"highway":"unclassified","surface":"unpaved"},"geometry":{"type":"LineString","coordinates":[[-57.2344,-36.7743],[-57.22366,-36.77354],[-57.2231,-36.77371],[-57.22244,-36.77389],[-57.22135,-36.77382],[-57.22075,-36.77361],[-57.2192,-36.77316],[-57.19339,-36.77139],[-57.19325,-36.77138],[-57.19254,-36.77129],[-57.19009,-36.77069],[-57.1865,-36.76966],[-57.18523,-36.76928],[-57.1848,-36.7692],[-57.18362,-36.76915],[-57.1832,-36.76913],[-57.18246,-36.76907],[-57.18185,-36.76894],[-57.18134,-36.76888],[-57.18097,-36.76891],[-57.18049,-36.76898],[-57.18006,-36.76903],[-57.1776,-36.769],[-57.17502,-36.76887],[-57.17411,-36.76884],[-57.17252,-36.76883],[-57.17049,-36.76877],[-57.16681,-36.76898],[-57.16545,-36.76905],[-57.16085,-36.76925],[-57.15823,-36.76937],[-57.15746,-36.76935],[-57.15686,-36.76926],[-57.15629,-36.76909],[-57.15527,-36.76879],[-57.15456,-36.76874],[-57.15085,-36.76854],[-57.1437,-36.76807],[-57.14352,-36.76804],[-57.14338,-36.76792],[-57.14328,-36.76781],[-57.14322,-36.76772],[-57.14316,-36.76759],[-57.14304,-36.76583],[-57.14272,-36.76177],[-57.14239,-36.75778],[-57.14201,-36.75295],[-57.14185,-36.75166],[-57.14161,-36.75061],[-57.14121,-36.74885],[-57.14108,-36.74827],[-57.141,-36.74796],[-57.14099,-36.74767],[-57.14111,-36.74739],[-57.14115,-36.74715],[-57.14114,-36.74665],[-57.14122,-36.74628],[-57.14174,-36.74492],[-57.14223,-36.74464],[-57.14343,-36.74408]]}},{"type":"Feature","properties":{"id":621977319,"name":null,"ref":null,"highway":"unclassified","surface":"unpaved"},"geometry":{"type":"LineString","coordinates":[[-57.63303,-36.7264],[-57.63341,-36.72564],[-57.63362,-36.72552],[-57.63385,-36.72552],[-57.6347,-36.72581],[-57.63504,-36.72584],[-57.63774,-36.72474],[-57.63798,-36.72444],[-57.63821,-36.7224],[-57.63837,-36.72205],[-57.64042,-36.72036],[-57.6405,-36.72001],[-57.63852,-36.71769],[-57.63847,-36.71744],[-57.63856,-36.71677],[-57.63852,-36.71647],[-57.63813,-36.71536],[-57.63775,-36.71496],[-57.63392,-36.71177],[-57.63372,-36.71154],[-57.6336,-36.7095],[-57.63348,-36.70923],[-57.63335,-36.709],[-57.63207,-36.70793],[-57.63178,-36.7078],[-57.63064,-36.70747],[-57.63052,-36.70739],[-57.63043,-36.70732],[-57.63038,-36.70722],[-57.63036,-36.70713],[-57.63034,-36.70691],[-57.63034,-36.70674]]}},{"type":"Feature","properties":{"id":621977320,"name":null,"ref":null,"highway":"unclassified","surface":"unpaved"},"geometry":{"type":"LineString","coordinates":[[-57.58931,-36.68769],[-57.58981,-36.68767],[-57.59007,-36.68759],[-57.59024,-36.68743],[-57.59043,-36.68621],[-57.59065,-36.6859],[-57.59098,-36.68574],[-57.59759,-36.68376]]}},{"type":"Feature","properties":{"id":622018247,"name":null,"ref":null,"highway":"unclassified","surface":"unpaved"},"geometry":{"type":"LineString","coordinates":[[-57.41556,-36.76332],[-57.43529,-36.77425],[-57.43746,-36.77533],[-57.43979,-36.77644],[-57.44162,-36.77708],[-57.44377,-36.77783],[-57.44588,-36.77847],[-57.44842,-36.77918],[-57.45111,-36.77974],[-57.45354,-36.78015],[-57.45616,-36.78046],[-57.45868,-36.78066],[-57.51458,-36.78275],[-57.51485,-36.78272],[-57.51497,-36.7827],[-57.51502,-36.78267]]}},{"type":"Feature","properties":{"id":624283547,"name":"Avenida Ayacucho","ref":"066-01","highway":"tertiary","surface":"unpaved"},"geometry":{"type":"LineString","coordinates":[[-57.89319,-36.86268],[-57.89422,-36.86192],[-57.89515,-36.86121],[-57.8952,-36.86116],[-57.89525,-36.86111],[-57.89743,-36.85946],[-57.90122,-36.8566],[-57.90519,-36.85361],[-57.90755,-36.85185]]}},{"type":"Feature","properties":{"id":624283550,"name":"Madero","ref":null,"highway":"tertiary","surface":null},"geometry":{"type":"LineString","coordinates":[[-57.88345,-36.86405],[-57.88252,-36.86326],[-57.8816,-36.86248],[-57.88064,-36.86167],[-57.87971,-36.86088],[-57.87877,-36.86008],[-57.87785,-36.8593],[-57.87777,-36.85923],[-57.87685,-36.85845],[-57.87589,-36.85764],[-57.8749,-36.85679],[-57.87397,-36.85601],[-57.87301,-36.85519],[-57.87209,-36.85441],[-57.87117,-36.85363],[-57.87081,-36.85332],[-57.87061,-36.85316]]}},{"type":"Feature","properties":{"id":643214631,"name":null,"ref":null,"highway":"unclassified","surface":"unpaved"},"geometry":{"type":"LineString","coordinates":[[-57.59785,-36.68368],[-57.60282,-36.68223],[-57.60296,-36.68216],[-57.60303,-36.68211],[-57.60305,-36.68207],[-57.60305,-36.68202],[-57.60305,-36.68199]]}},{"type":"Feature","properties":{"id":643214632,"name":null,"ref":null,"highway":"unclassified","surface":"concrete"},"geometry":{"type":"LineString","coordinates":[[-57.59759,-36.68376],[-57.59785,-36.68368]]}},{"type":"Feature","properties":{"id":645500234,"name":null,"ref":null,"highway":"unclassified","surface":"unpaved"},"geometry":{"type":"LineString","coordinates":[[-57.92546,-36.93344],[-57.91625,-36.94028],[-57.91625,-36.94033],[-57.91626,-36.94045],[-57.91619,-36.94119],[-57.91605,-36.94195],[-57.91502,-36.94677],[-57.91458,-36.94879],[-57.91458,-36.94899],[-57.91454,-36.94912],[-57.91442,-36.94928],[-57.91432,-36.94984],[-57.91417,-36.95048],[-57.91288,-36.9557],[-57.91205,-36.95906],[-57.9119,-36.95956],[-57.9119,-36.9598],[-57.91193,-36.96002],[-57.91242,-36.9612],[-57.91799,-36.96828],[-57.91819,-36.96859],[-57.9235,-36.97373],[-57.93125,-36.98133],[-57.95206,-37.00137],[-57.95224,-37.00161],[-57.95588,-37.00876]]}},{"type":"Feature","properties":{"id":645500235,"name":null,"ref":null,"highway":"unclassified","surface":"unpaved"},"geometry":{"type":"LineString","coordinates":[[-57.95599,-36.97666],[-57.94505,-36.97657],[-57.94474,-36.97666],[-57.93866,-36.97952],[-57.93706,-36.98014],[-57.93445,-36.98088],[-57.93248,-36.98125],[-57.93125,-36.98133]]}},{"type":"Feature","properties":{"id":645500237,"name":null,"ref":null,"highway":"unclassified","surface":"unpaved"},"geometry":{"type":"LineString","coordinates":[[-57.86937,-36.95353],[-57.86955,-36.95358],[-57.86989,-36.95363],[-57.87012,-36.95368],[-57.87019,-36.95371],[-57.87023,-36.95376],[-57.8708,-36.95652],[-57.87174,-36.9574],[-57.87258,-36.9582],[-57.87368,-36.95961],[-57.87376,-36.95971],[-57.8739,-36.95978],[-57.87963,-36.96216],[-57.87969,-36.96218],[-57.87976,-36.96219],[-57.87987,-36.96215],[-57.88037,-36.96199],[-57.88423,-36.96099],[-57.88437,-36.96098],[-57.88461,-36.96101],[-57.88482,-36.96105],[-57.88531,-36.96122],[-57.8856,-36.96138],[-57.88581,-36.96152],[-57.88602,-36.96173],[-57.8862,-36.96202],[-57.88802,-36.96511],[-57.88825,-36.96536],[-57.88853,-36.96562],[-57.89003,-36.96687],[-57.89118,-36.96875],[-57.89136,-36.96895],[-57.89162,-36.9692],[-57.89438,-36.97157],[-57.89461,-36.97177],[-57.89489,-36.97192],[-57.89648,-36.97278],[-57.9076,-36.9758],[-57.90783,-36.97592],[-57.91371,-36.97842],[-57.91381,-36.97845],[-57.9139,-36.97842],[-57.91398,-36.97835],[-57.9142,-36.97771],[-57.91431,-36.9771],[-57.91455,-36.97679],[-57.91503,-36.97653],[-57.91871,-36.97518],[-57.91892,-36.97509],[-57.91905,-36.97499],[-57.91912,-36.97486],[-57.91914,-36.97467],[-57.9182,-36.96902],[-57.91818,-36.96896],[-57.91811,-36.96889],[-57.91808,-36.96883],[-57.91806,-36.96878],[-57.91808,-36.96871],[-57.91811,-36.96866],[-57.91819,-36.96859]]}},{"type":"Feature","properties":{"id":645500239,"name":null,"ref":null,"highway":"unclassified","surface":"unpaved"},"geometry":{"type":"LineString","coordinates":[[-57.98998,-36.96534],[-57.98927,-36.96462],[-57.98729,-36.96268],[-57.98701,-36.96252],[-57.98475,-36.96165],[-57.98464,-36.96161],[-57.98417,-36.96121],[-57.98066,-36.95832],[-57.97724,-36.95544],[-57.97557,-36.95413],[-57.97506,-36.95373],[-57.95339,-36.94235],[-57.95312,-36.94224],[-57.95291,-36.94227],[-57.94337,-36.94935],[-57.94322,-36.94941],[-57.94303,-36.94939],[-57.93591,-36.94295],[-57.92546,-36.93344],[-57.91681,-36.9257],[-57.91658,-36.9256],[-57.91549,-36.92527],[-57.91529,-36.92516],[-57.91425,-36.92414],[-57.91084,-36.92194],[-57.91068,-36.92179],[-57.90938,-36.91994],[-57.90932,-36.91969],[-57.90668,-36.90107],[-57.90422,-36.88397],[-57.90334,-36.87767],[-57.90321,-36.8769],[-57.9032,-36.87682],[-57.90318,-36.87674],[-57.90316,-36.87669],[-57.90315,-36.87666],[-57.90311,-36.87659],[-57.90307,-36.87654],[-57.90272,-36.87623],[-57.90263,-36.87612],[-57.90258,-36.87607],[-57.90255,-36.87601],[-57.90253,-36.87595],[-57.90251,-36.87587],[-57.90244,-36.87553],[-57.90227,-36.87436],[-57.90226,-36.87431],[-57.90226,-36.87428],[-57.90224,-36.87424],[-57.90222,-36.87421],[-57.90219,-36.87418],[-57.90216,-36.87416],[-57.90212,-36.87413],[-57.90204,-36.87411],[-57.89319,-36.87204]]}},{"type":"Feature","properties":{"id":645924972,"name":null,"ref":null,"highway":"unclassified","surface":"unpaved"},"geometry":{"type":"LineString","coordinates":[[-57.37634,-36.68254],[-57.37758,-36.68464],[-57.37769,-36.68498],[-57.37842,-36.6877],[-57.37852,-36.68868],[-57.37923,-36.69174]]}},{"type":"Feature","properties":{"id":651636472,"name":null,"ref":null,"highway":"unclassified","surface":"unpaved"},"geometry":{"type":"LineString","coordinates":[[-57.80732,-36.78244],[-57.80694,-36.78245],[-57.80427,-36.78179],[-57.8028,-36.78136],[-57.80271,-36.7813],[-57.80265,-36.7812],[-57.80263,-36.78098],[-57.80258,-36.78085],[-57.80254,-36.78079],[-57.80241,-36.78072],[-57.80217,-36.78064]]}},{"type":"Feature","properties":{"id":651638262,"name":null,"ref":null,"highway":"unclassified","surface":"unpaved"},"geometry":{"type":"LineString","coordinates":[[-57.79187,-36.75784],[-57.79194,-36.75792],[-57.79204,-36.75797],[-57.79411,-36.75833],[-57.79611,-36.75905],[-57.79766,-36.75989],[-57.79849,-36.7611],[-57.80006,-36.76495],[-57.80128,-36.7688],[-57.80272,-36.77669],[-57.80291,-36.77814],[-57.80289,-36.77865],[-57.80276,-36.77917],[-57.80263,-36.77961],[-57.80217,-36.78064],[-57.79601,-36.7936],[-57.79146,-36.80308],[-57.79055,-36.80487],[-57.79044,-36.80637],[-57.79087,-36.80745],[-57.79261,-36.81063],[-57.79278,-36.81125],[-57.79291,-36.81278],[-57.7924,-36.81411],[-57.79107,-36.81619],[-57.78909,-36.81848],[-57.78645,-36.82104],[-57.78407,-36.82294],[-57.78087,-36.82504],[-57.77753,-36.82617],[-57.77017,-36.82768],[-57.76242,-36.82879],[-57.75968,-36.82955],[-57.75731,-36.83019],[-57.75637,-36.83076],[-57.74993,-36.83564],[-57.74694,-36.8379],[-57.72453,-36.85487],[-57.72393,-36.85425],[-57.72355,-36.85385],[-57.7221,-36.85298],[-57.72141,-36.85254],[-57.72075,-36.85068],[-57.72011,-36.85023],[-57.71802,-36.85017],[-57.7146,-36.85009],[-57.70852,-36.84872],[-57.70599,-36.84827],[-57.70439,-36.84807],[-57.70393,-36.84793],[-57.70335,-36.84749],[-57.70275,-36.84714],[-57.70215,-36.84697],[-57.70159,-36.84692],[-57.69902,-36.8471],[-57.69689,-36.8474],[-57.69448,-36.84804],[-57.69288,-36.84862],[-57.69266,-36.84877],[-57.69264,-36.84901],[-57.69248,-36.84941],[-57.69233,-36.84957]]}},{"type":"Feature","properties":{"id":653957863,"name":null,"ref":null,"highway":"track","surface":"unpaved"},"geometry":{"type":"LineString","coordinates":[[-57.88355,-36.90347],[-57.88357,-36.90336],[-57.88398,-36.90194],[-57.88399,-36.90184],[-57.88397,-36.90177],[-57.88392,-36.90171],[-57.88382,-36.90165],[-57.88023,-36.89956]]}},{"type":"Feature","properties":{"id":653957876,"name":"Camino provincial secundario 066-02","ref":"066-02","highway":"tertiary","surface":"unpaved"},"geometry":{"type":"LineString","coordinates":[[-57.65944,-36.90464],[-57.66442,-36.9061],[-57.66593,-36.90653],[-57.66668,-36.90676],[-57.66992,-36.90806],[-57.68938,-36.91432],[-57.68966,-36.91439],[-57.6899,-36.91439],[-57.70749,-36.91256],[-57.72894,-36.91044],[-57.72977,-36.91038]]}},{"type":"Feature","properties":{"id":653957877,"name":"Camino provincial secundario 066-02","ref":"066-02","highway":"tertiary","surface":"concrete"},"geometry":{"type":"LineString","coordinates":[[-57.65887,-36.90446],[-57.65944,-36.90464]]}},{"type":"Feature","properties":{"id":653957879,"name":null,"ref":null,"highway":"unclassified","surface":"concrete"},"geometry":{"type":"LineString","coordinates":[[-57.52459,-36.92461],[-57.52476,-36.92438]]}},{"type":"Feature","properties":{"id":653957880,"name":null,"ref":null,"highway":"unclassified","surface":"unpaved"},"geometry":{"type":"LineString","coordinates":[[-57.52479,-36.92433],[-57.52474,-36.92415],[-57.5197,-36.92183],[-57.5197,-36.92167],[-57.52048,-36.92083],[-57.52112,-36.91978],[-57.52521,-36.90663],[-57.53752,-36.87971],[-57.53831,-36.87798],[-57.53924,-36.87611],[-57.54221,-36.86959]]}},{"type":"Feature","properties":{"id":653957881,"name":null,"ref":null,"highway":"unclassified","surface":"unpaved"},"geometry":{"type":"LineString","coordinates":[[-57.52476,-36.92438],[-57.52479,-36.92433]]}},{"type":"Feature","properties":{"id":654087767,"name":null,"ref":null,"highway":"unclassified","surface":"unpaved"},"geometry":{"type":"LineString","coordinates":[[-57.81695,-37.07845],[-57.81676,-37.07923],[-57.81673,-37.07937],[-57.8143,-37.08752],[-57.8143,-37.08759],[-57.81431,-37.08767],[-57.81435,-37.08776]]}},{"type":"Feature","properties":{"id":654652542,"name":null,"ref":null,"highway":"unclassified","surface":"unpaved"},"geometry":{"type":"LineString","coordinates":[[-57.72595,-37.16661],[-57.7258,-37.16664],[-57.72568,-37.16662],[-57.72552,-37.16656],[-57.71392,-37.15614],[-57.71379,-37.15598],[-57.71365,-37.15555],[-57.71354,-37.15536],[-57.71328,-37.15512],[-57.71243,-37.1544],[-57.71214,-37.1543],[-57.71191,-37.15427],[-57.71173,-37.15419],[-57.71171,-37.15418],[-57.71154,-37.15405],[-57.70819,-37.15107],[-57.70808,-37.15104],[-57.70791,-37.15105],[-57.70573,-37.15256]]}},{"type":"Feature","properties":{"id":660261483,"name":"Camino provincial secundario 066-01","ref":"066-01","highway":"tertiary","surface":"unpaved"},"geometry":{"type":"LineString","coordinates":[[-57.74505,-36.90142],[-57.74482,-36.90167],[-57.74096,-36.90581],[-57.7408,-36.90599],[-57.74062,-36.90613],[-57.74035,-36.90626],[-57.73997,-36.90636],[-57.73749,-36.90689],[-57.73725,-36.90696],[-57.73702,-36.90705],[-57.73678,-36.90719],[-57.73413,-36.90892],[-57.73305,-36.90955]]}},{"type":"Feature","properties":{"id":660261484,"name":"Camino provincial secundario 066-01","ref":"066-01","highway":"tertiary","surface":"concrete"},"geometry":{"type":"LineString","coordinates":[[-57.74516,-36.90129],[-57.74505,-36.90142]]}},{"type":"Feature","properties":{"id":660297128,"name":null,"ref":null,"highway":"unclassified","surface":null},"geometry":{"type":"LineString","coordinates":[[-57.78764,-37.06458],[-57.79647,-37.05807],[-57.80304,-37.0532],[-57.80319,-37.05308],[-57.80331,-37.05295],[-57.8034,-37.05281],[-57.80411,-37.05116],[-57.80416,-37.05107],[-57.80422,-37.05099],[-57.80435,-37.05084],[-57.80438,-37.05075],[-57.80438,-37.05067],[-57.80409,-37.04701],[-57.80408,-37.04689],[-57.80403,-37.04679],[-57.80397,-37.0467],[-57.80388,-37.04663],[-57.80355,-37.04639]]}},{"type":"Feature","properties":{"id":663041304,"name":null,"ref":null,"highway":"track","surface":"unpaved"},"geometry":{"type":"LineString","coordinates":[[-57.39372,-36.8644],[-57.39392,-36.86434],[-57.39413,-36.86423],[-57.3942,-36.86413],[-57.39434,-36.86406],[-57.39452,-36.86407],[-57.39456,-36.86413],[-57.39459,-36.86421],[-57.39462,-36.86429],[-57.39465,-36.86439],[-57.39472,-36.86447],[-57.39483,-36.86457],[-57.39502,-36.86463],[-57.39522,-36.86461],[-57.39543,-36.86454],[-57.3959,-36.86432],[-57.39625,-36.86415],[-57.39636,-36.86411],[-57.39648,-36.86409],[-57.39659,-36.8641],[-57.39669,-36.86413],[-57.39684,-36.86427],[-57.39695,-36.86439],[-57.39782,-36.86538],[-57.3979,-36.86543],[-57.39931,-36.86562],[-57.39969,-36.86563],[-57.4005,-36.86552],[-57.40067,-36.86555],[-57.40079,-36.86565],[-57.40149,-36.86677],[-57.40227,-36.86791],[-57.403,-36.86901],[-57.40384,-36.87031],[-57.40416,-36.87083],[-57.40458,-36.87145],[-57.40466,-36.87152],[-57.40473,-36.87152],[-57.40485,-36.8715],[-57.40501,-36.87142],[-57.40505,-36.87136],[-57.40606,-36.87068]]}},{"type":"Feature","properties":{"id":663041316,"name":null,"ref":null,"highway":"unclassified","surface":null},"geometry":{"type":"LineString","coordinates":[[-57.43498,-36.84488],[-57.43625,-36.84659],[-57.437,-36.84749],[-57.43823,-36.84878],[-57.43924,-36.84975],[-57.44001,-36.85051],[-57.44073,-36.8511],[-57.44182,-36.8519],[-57.44409,-36.85351]]}},{"type":"Feature","properties":{"id":663041355,"name":null,"ref":null,"highway":"unclassified","surface":null},"geometry":{"type":"LineString","coordinates":[[-57.45657,-36.83468],[-57.45644,-36.83463],[-57.45626,-36.83462],[-57.45609,-36.83464]]}},{"type":"Feature","properties":{"id":663041363,"name":null,"ref":null,"highway":"unclassified","surface":"unpaved"},"geometry":{"type":"LineString","coordinates":[[-57.47281,-36.82524],[-57.47274,-36.82523],[-57.47265,-36.82522],[-57.47257,-36.82524],[-57.47253,-36.82525]]}},{"type":"Feature","properties":{"id":663041379,"name":null,"ref":null,"highway":"unclassified","surface":null},"geometry":{"type":"LineString","coordinates":[[-57.50472,-36.79859],[-57.50471,-36.79862],[-57.50472,-36.79864]]}},{"type":"Feature","properties":{"id":663041380,"name":null,"ref":null,"highway":"unclassified","surface":null},"geometry":{"type":"LineString","coordinates":[[-57.50466,-36.79864],[-57.50469,-36.79863],[-57.50472,-36.79864]]}},{"type":"Feature","properties":{"id":663041381,"name":null,"ref":null,"highway":"unclassified","surface":null},"geometry":{"type":"LineString","coordinates":[[-57.50472,-36.79864],[-57.50504,-36.79888],[-57.50562,-36.7993],[-57.50755,-36.80073]]}},{"type":"Feature","properties":{"id":663041393,"name":null,"ref":null,"highway":"unclassified","surface":"unpaved"},"geometry":{"type":"LineString","coordinates":[[-57.51502,-36.78267],[-57.51512,-36.78272],[-57.51521,-36.78276],[-57.51545,-36.7828],[-57.51563,-36.78287],[-57.51582,-36.78293],[-57.51598,-36.78302],[-57.51614,-36.78311],[-57.51643,-36.78317],[-57.51696,-36.78317],[-57.51751,-36.78316],[-57.51834,-36.78311],[-57.51904,-36.78314],[-57.51957,-36.78314],[-57.52028,-36.78298]]}},{"type":"Feature","properties":{"id":663066253,"name":null,"ref":null,"highway":"unclassified","surface":null},"geometry":{"type":"LineString","coordinates":[[-57.54128,-36.75149],[-57.54165,-36.75168],[-57.54168,-36.7517],[-57.54216,-36.75192],[-57.54234,-36.75206],[-57.54247,-36.75241],[-57.54268,-36.75311],[-57.54272,-36.75327],[-57.54268,-36.75342],[-57.54236,-36.75439],[-57.54215,-36.75482],[-57.54202,-36.75503],[-57.54196,-36.75541],[-57.54189,-36.75569],[-57.5419,-36.75629],[-57.54197,-36.75672],[-57.54207,-36.75702],[-57.54217,-36.75736],[-57.54237,-36.7581],[-57.54243,-36.7583]]}},{"type":"Feature","properties":{"id":663066255,"name":null,"ref":null,"highway":"unclassified","surface":null},"geometry":{"type":"LineString","coordinates":[[-57.53813,-36.75517],[-57.53805,-36.75521],[-57.53795,-36.7552]]}},{"type":"Feature","properties":{"id":663066256,"name":null,"ref":null,"highway":"unclassified","surface":null},"geometry":{"type":"LineString","coordinates":[[-57.538,-36.75534],[-57.53799,-36.75527],[-57.53795,-36.7552]]}},{"type":"Feature","properties":{"id":663066257,"name":null,"ref":null,"highway":"unclassified","surface":null},"geometry":{"type":"LineString","coordinates":[[-57.53795,-36.7552],[-57.53784,-36.75515],[-57.5375,-36.75487],[-57.53648,-36.75399],[-57.53555,-36.75317],[-57.53486,-36.75257],[-57.53433,-36.75207],[-57.53021,-36.74841],[-57.52853,-36.74693],[-57.52668,-36.74531],[-57.52506,-36.74391],[-57.52486,-36.74377],[-57.5246,-36.74365],[-57.52399,-36.7435],[-57.52318,-36.74322],[-57.52245,-36.74296],[-57.5222,-36.74278],[-57.52115,-36.74201],[-57.52057,-36.74168],[-57.51986,-36.74134],[-57.51903,-36.74101],[-57.51804,-36.74069],[-57.51717,-36.74048]]}},{"type":"Feature","properties":{"id":663066260,"name":null,"ref":null,"highway":"unclassified","surface":"unpaved"},"geometry":{"type":"LineString","coordinates":[[-57.54168,-36.7517],[-57.54195,-36.75168],[-57.54233,-36.75139],[-57.5429,-36.75085],[-57.54315,-36.75081],[-57.54344,-36.75092],[-57.54499,-36.75221],[-57.54523,-36.75222],[-57.54603,-36.75279],[-57.5476,-36.7541],[-57.54837,-36.75478],[-57.5515,-36.75766],[-57.55343,-36.75959],[-57.55357,-36.75973],[-57.55398,-36.76011],[-57.55431,-36.76042]]}},{"type":"Feature","properties":{"id":663066267,"name":null,"ref":null,"highway":"unclassified","surface":null},"geometry":{"type":"LineString","coordinates":[[-57.5443,-36.74802],[-57.54422,-36.74805],[-57.54412,-36.74805]]}},{"type":"Feature","properties":{"id":663066268,"name":null,"ref":null,"highway":"unclassified","surface":null},"geometry":{"type":"LineString","coordinates":[[-57.54412,-36.74805],[-57.54415,-36.74811],[-57.54414,-36.74819]]}},{"type":"Feature","properties":{"id":663066269,"name":null,"ref":null,"highway":"unclassified","surface":"unpaved"},"geometry":{"type":"LineString","coordinates":[[-57.54412,-36.74805],[-57.5421,-36.74633],[-57.54023,-36.74468],[-57.53952,-36.74404],[-57.53894,-36.74354],[-57.5384,-36.74307]]}},{"type":"Feature","properties":{"id":663066273,"name":null,"ref":null,"highway":"unclassified","surface":"unpaved"},"geometry":{"type":"LineString","coordinates":[[-57.55746,-36.74371],[-57.55437,-36.7421],[-57.55412,-36.74198],[-57.55389,-36.74192],[-57.55358,-36.74193],[-57.55317,-36.74193],[-57.55283,-36.7419],[-57.55261,-36.74185],[-57.55233,-36.74161],[-57.55214,-36.74146]]}},{"type":"Feature","properties":{"id":663066274,"name":null,"ref":null,"highway":"unclassified","surface":"unpaved"},"geometry":{"type":"LineString","coordinates":[[-57.55109,-36.74065],[-57.55199,-36.74134]]}},{"type":"Feature","properties":{"id":663066275,"name":null,"ref":null,"highway":"unclassified","surface":"unpaved"},"geometry":{"type":"LineString","coordinates":[[-57.55214,-36.74146],[-57.55213,-36.74142],[-57.55214,-36.74137]]}},{"type":"Feature","properties":{"id":663066276,"name":null,"ref":null,"highway":"unclassified","surface":"unpaved"},"geometry":{"type":"LineString","coordinates":[[-57.55214,-36.74146],[-57.5521,-36.74145],[-57.55204,-36.74145]]}},{"type":"Feature","properties":{"id":663066277,"name":null,"ref":null,"highway":"unclassified","surface":"unpaved"},"geometry":{"type":"LineString","coordinates":[[-57.55199,-36.74134],[-57.55204,-36.74145]]}},{"type":"Feature","properties":{"id":663066278,"name":null,"ref":null,"highway":"unclassified","surface":"unpaved"},"geometry":{"type":"LineString","coordinates":[[-57.55199,-36.74134],[-57.55214,-36.74137]]}},{"type":"Feature","properties":{"id":663066280,"name":null,"ref":null,"highway":"unclassified","surface":null},"geometry":{"type":"LineString","coordinates":[[-57.5604,-36.73418],[-57.56046,-36.73418],[-57.56051,-36.73419],[-57.56054,-36.7342]]}},{"type":"Feature","properties":{"id":663066281,"name":null,"ref":null,"highway":"unclassified","surface":null},"geometry":{"type":"LineString","coordinates":[[-57.56054,-36.7342],[-57.56053,-36.73417],[-57.56052,-36.73413],[-57.56053,-36.73406]]}},{"type":"Feature","properties":{"id":663066282,"name":null,"ref":null,"highway":"unclassified","surface":null},"geometry":{"type":"LineString","coordinates":[[-57.56054,-36.7342],[-57.56069,-36.7343],[-57.56086,-36.73442],[-57.5648,-36.7379]]}},{"type":"Feature","properties":{"id":663066284,"name":"Ruta Provincial 62","ref":"RP62","highway":"tertiary","surface":"asphalt"},"geometry":{"type":"LineString","coordinates":[[-57.57366,-36.71849],[-57.57386,-36.7183]]}},{"type":"Feature","properties":{"id":663066285,"name":"Ruta Provincial 62","ref":"RP62","highway":"tertiary","surface":"unpaved"},"geometry":{"type":"LineString","coordinates":[[-57.59329,-36.71178],[-57.5935,-36.71179],[-57.59362,-36.71181],[-57.59426,-36.7119],[-57.59506,-36.71204],[-57.5953,-36.71205],[-57.59551,-36.71205],[-57.59584,-36.71201],[-57.60223,-36.71088]]}},{"type":"Feature","properties":{"id":663066290,"name":null,"ref":null,"highway":"unclassified","surface":"unpaved"},"geometry":{"type":"LineString","coordinates":[[-57.5935,-36.71179],[-57.5934,-36.71182],[-57.59336,-36.71186],[-57.59332,-36.71191]]}},{"type":"Feature","properties":{"id":663066291,"name":null,"ref":null,"highway":"unclassified","surface":"unpaved"},"geometry":{"type":"LineString","coordinates":[[-57.59332,-36.71191],[-57.59329,-36.71186],[-57.59324,-36.71181],[-57.59317,-36.71178]]}},{"type":"Feature","properties":{"id":663066294,"name":null,"ref":null,"highway":"unclassified","surface":null},"geometry":{"type":"LineString","coordinates":[[-57.63034,-36.70674],[-57.6303,-36.70669],[-57.63016,-36.70664]]}},{"type":"Feature","properties":{"id":663066295,"name":null,"ref":null,"highway":"unclassified","surface":null},"geometry":{"type":"LineString","coordinates":[[-57.63034,-36.70674],[-57.63036,-36.70671],[-57.63038,-36.70669],[-57.63047,-36.70663]]}},{"type":"Feature","properties":{"id":664510360,"name":"Madero","ref":null,"highway":"tertiary","surface":null},"geometry":{"type":"LineString","coordinates":[[-57.88729,-36.8673],[-57.88721,-36.86723],[-57.88628,-36.86644],[-57.88533,-36.86564],[-57.8844,-36.86485],[-57.88345,-36.86405]]}},{"type":"Feature","properties":{"id":664510361,"name":"Belgrano","ref":null,"highway":"tertiary","surface":null},"geometry":{"type":"LineString","coordinates":[[-57.88443,-36.8633],[-57.88538,-36.86409],[-57.88632,-36.86489],[-57.88727,-36.86569],[-57.8882,-36.86648],[-57.88828,-36.86655]]}},{"type":"Feature","properties":{"id":664510367,"name":"Hipólito Yrigoyen","ref":null,"highway":"tertiary","surface":"unpaved"},"geometry":{"type":"LineString","coordinates":[[-57.87218,-36.86353],[-57.87222,-36.8635],[-57.87238,-36.86338],[-57.87278,-36.86308]]}},{"type":"Feature","properties":{"id":664510370,"name":"San Martín","ref":null,"highway":"secondary","surface":"paved"},"geometry":{"type":"LineString","coordinates":[[-57.87191,-36.86068],[-57.87173,-36.86054]]}},{"type":"Feature","properties":{"id":664510371,"name":"San Martín","ref":null,"highway":"secondary","surface":"paved"},"geometry":{"type":"LineString","coordinates":[[-57.87191,-36.86068],[-57.87206,-36.86075],[-57.87224,-36.86092],[-57.87288,-36.86146],[-57.87386,-36.86228],[-57.87396,-36.86237],[-57.87474,-36.86302],[-57.87481,-36.86308],[-57.87576,-36.86389],[-57.87671,-36.86469],[-57.87767,-36.8655],[-57.87859,-36.86628],[-57.87952,-36.86706],[-57.87954,-36.86716]]}},{"type":"Feature","properties":{"id":677017698,"name":"Ruta Provincial 62","ref":"RP62","highway":"tertiary","surface":"unpaved"},"geometry":{"type":"LineString","coordinates":[[-57.59019,-36.71237],[-57.59303,-36.7118],[-57.59317,-36.71178],[-57.59329,-36.71178]]}},{"type":"Feature","properties":{"id":677017702,"name":"Camino provincial secundario 066-03","ref":"066-03","highway":"tertiary","surface":"unpaved"},"geometry":{"type":"LineString","coordinates":[[-57.59016,-36.70682],[-57.59014,-36.70791],[-57.59014,-36.71015],[-57.59017,-36.71125],[-57.59019,-36.71237]]}},{"type":"Feature","properties":{"id":677017704,"name":"Ruta Provincial 62","ref":"RP62","highway":"tertiary","surface":"unpaved"},"geometry":{"type":"LineString","coordinates":[[-57.58341,-36.71371],[-57.58477,-36.71345],[-57.58606,-36.71318],[-57.5874,-36.7129],[-57.58871,-36.71265],[-57.59019,-36.71237]]}},{"type":"Feature","properties":{"id":677017705,"name":"Ruta Provincial 62","ref":"RP62","highway":"tertiary","surface":"unpaved"},"geometry":{"type":"LineString","coordinates":[[-57.57386,-36.7183],[-57.57423,-36.71793],[-57.57472,-36.71752],[-57.57529,-36.71706],[-57.57562,-36.71684],[-57.57601,-36.71659],[-57.57663,-36.71626],[-57.57727,-36.71595],[-57.57777,-36.71575],[-57.57835,-36.71556],[-57.57893,-36.71539],[-57.58007,-36.71518],[-57.58082,-36.71505],[-57.58101,-36.71498],[-57.58115,-36.7149],[-57.58214,-36.71407],[-57.58241,-36.71392],[-57.58341,-36.71371]]}},{"type":"Feature","properties":{"id":689042969,"name":null,"ref":null,"highway":"unclassified","surface":"unpaved"},"geometry":{"type":"LineString","coordinates":[[-57.25209,-36.68242],[-57.25246,-36.68268],[-57.25293,-36.6829],[-57.25395,-36.68361],[-57.25448,-36.68403],[-57.25504,-36.68435],[-57.25533,-36.68461],[-57.2556,-36.68472],[-57.25606,-36.68502],[-57.25634,-36.6853],[-57.25657,-36.68551],[-57.25677,-36.68558],[-57.25698,-36.68568],[-57.25846,-36.68664],[-57.26214,-36.68917],[-57.26478,-36.69094],[-57.26735,-36.69246],[-57.2699,-36.69383],[-57.27218,-36.69491],[-57.27437,-36.69585],[-57.2777,-36.69711],[-57.28587,-36.69983],[-57.29111,-36.7015],[-57.30119,-36.70486],[-57.3061,-36.70644],[-57.30692,-36.70671],[-57.30926,-36.70756],[-57.31273,-36.70888],[-57.31507,-36.70988],[-57.31644,-36.71048],[-57.3178,-36.71111],[-57.31929,-36.71182],[-57.32034,-36.71237],[-57.32137,-36.71286],[-57.32167,-36.71302],[-57.32245,-36.71347],[-57.32348,-36.71402],[-57.32454,-36.71462],[-57.32549,-36.71512],[-57.32603,-36.71544],[-57.32722,-36.7161],[-57.32852,-36.71679],[-57.33007,-36.71766],[-57.33107,-36.71822],[-57.33203,-36.71876],[-57.33335,-36.71948],[-57.3345,-36.72009],[-57.33603,-36.72094],[-57.33611,-36.72101],[-57.33615,-36.72108]]}},{"type":"Feature","properties":{"id":701037197,"name":"Avenida Ayacucho","ref":null,"highway":"tertiary","surface":"paved"},"geometry":{"type":"LineString","coordinates":[[-57.88323,-36.87025],[-57.88423,-36.86949],[-57.88526,-36.86872],[-57.88623,-36.86798],[-57.88721,-36.86723],[-57.8882,-36.86648],[-57.88919,-36.86573]]}},{"type":"Feature","properties":{"id":701219357,"name":"Ruta Provincial 62","ref":"RP62","highway":"tertiary","surface":"concrete"},"geometry":{"type":"LineString","coordinates":[[-57.60223,-36.71088],[-57.60245,-36.71084]]}},{"type":"Feature","properties":{"id":701219358,"name":"Ruta Provincial 62","ref":"RP62","highway":"tertiary","surface":"unpaved"},"geometry":{"type":"LineString","coordinates":[[-57.60245,-36.71084],[-57.60747,-36.71002],[-57.60869,-36.70972],[-57.61198,-36.70917],[-57.61424,-36.70891],[-57.61955,-36.7081],[-57.62386,-36.70745],[-57.62789,-36.70676],[-57.62856,-36.70668],[-57.63013,-36.70665],[-57.63016,-36.70664],[-57.63032,-36.70664],[-57.63047,-36.70663],[-57.63223,-36.70654],[-57.63942,-36.7062],[-57.64376,-36.706],[-57.65154,-36.70564],[-57.65253,-36.70556],[-57.65339,-36.70545],[-57.66031,-36.7042],[-57.66262,-36.70377],[-57.67742,-36.70103],[-57.67773,-36.70097],[-57.69393,-36.69795],[-57.71301,-36.6944],[-57.71835,-36.69339],[-57.7234,-36.69236],[-57.73852,-36.68931],[-57.73898,-36.6892],[-57.73952,-36.68906],[-57.74009,-36.6889],[-57.74078,-36.68868],[-57.74121,-36.68853],[-57.74165,-36.68837],[-57.7422,-36.68815],[-57.74304,-36.68781],[-57.74718,-36.68612],[-57.75932,-36.68126],[-57.77023,-36.67692],[-57.77125,-36.67647],[-57.77217,-36.67603],[-57.77263,-36.67577],[-57.77292,-36.67561],[-57.77335,-36.67535],[-57.77395,-36.67497],[-57.77606,-36.67351],[-57.77644,-36.67319],[-57.77664,-36.67301],[-57.77734,-36.67238],[-57.7778,-36.67202],[-57.77812,-36.67178],[-57.77949,-36.67086],[-57.77984,-36.67067],[-57.78073,-36.67018],[-57.78212,-36.66933],[-57.78351,-36.66846],[-57.78912,-36.66468]]}},{"type":"Feature","properties":{"id":744602419,"name":null,"ref":null,"highway":"unclassified","surface":null},"geometry":{"type":"LineString","coordinates":[[-57.83235,-37.08039],[-57.83229,-37.08081],[-57.83194,-37.08077],[-57.83201,-37.08035]]}},{"type":"Feature","properties":{"id":777406093,"name":null,"ref":null,"highway":"unclassified","surface":"unpaved"},"geometry":{"type":"LineString","coordinates":[[-57.69206,-36.8498],[-57.69196,-36.84984],[-57.6911,-36.85001],[-57.68949,-36.85018],[-57.68251,-36.85123],[-57.677,-36.85214],[-57.67644,-36.85205],[-57.67355,-36.85105],[-57.66814,-36.84917]]}},{"type":"Feature","properties":{"id":777406094,"name":null,"ref":null,"highway":"unclassified","surface":"concrete"},"geometry":{"type":"LineString","coordinates":[[-57.69233,-36.84957],[-57.69206,-36.8498]]}},{"type":"Feature","properties":{"id":835597567,"name":"Avenida Ayacucho","ref":"066-01","highway":"tertiary","surface":"paved"},"geometry":{"type":"LineString","coordinates":[[-57.89316,-36.86278],[-57.89223,-36.8635],[-57.89123,-36.86427],[-57.89024,-36.86503],[-57.88985,-36.86533],[-57.88978,-36.8654],[-57.88975,-36.86543],[-57.88927,-36.8658]]}},{"type":"Feature","properties":{"id":876350255,"name":null,"ref":null,"highway":"unclassified","surface":"unpaved"},"geometry":{"type":"LineString","coordinates":[[-57.83256,-36.93812],[-57.86258,-36.9357],[-57.86875,-36.9352],[-57.87085,-36.93503],[-57.87353,-36.93484],[-57.8737,-36.93484],[-57.87392,-36.93489]]}},{"type":"Feature","properties":{"id":876350256,"name":null,"ref":null,"highway":"unclassified","surface":"unpaved"},"geometry":{"type":"LineString","coordinates":[[-57.80328,-36.94036],[-57.8041,-36.9403]]}},{"type":"Feature","properties":{"id":876353385,"name":null,"ref":null,"highway":"unclassified","surface":"unpaved"},"geometry":{"type":"LineString","coordinates":[[-57.85021,-36.86127],[-57.85506,-36.86152],[-57.86245,-36.8619],[-57.86249,-36.8619],[-57.86256,-36.86188],[-57.86273,-36.86177],[-57.86287,-36.86168]]}},{"type":"Feature","properties":{"id":876353386,"name":null,"ref":null,"highway":"unclassified","surface":"unpaved"},"geometry":{"type":"LineString","coordinates":[[-57.84436,-36.86097],[-57.85021,-36.86127]]}},{"type":"Feature","properties":{"id":879486008,"name":null,"ref":null,"highway":"unclassified","surface":"unpaved"},"geometry":{"type":"LineString","coordinates":[[-57.8041,-36.9403],[-57.8268,-36.9385]]}},{"type":"Feature","properties":{"id":879486009,"name":null,"ref":null,"highway":"unclassified","surface":"unpaved"},"geometry":{"type":"LineString","coordinates":[[-57.8268,-36.9385],[-57.82819,-36.93841],[-57.83256,-36.93812]]}},{"type":"Feature","properties":{"id":930661357,"name":null,"ref":null,"highway":"track","surface":null},"geometry":{"type":"LineString","coordinates":[[-57.23735,-36.75751],[-57.23693,-36.7603],[-57.23601,-36.76715],[-57.23464,-36.77843],[-57.23423,-36.78163]]}},{"type":"Feature","properties":{"id":957875361,"name":null,"ref":null,"highway":"unclassified","surface":"unpaved"},"geometry":{"type":"LineString","coordinates":[[-57.22773,-36.8626],[-57.22764,-36.86257],[-57.22758,-36.86253],[-57.22753,-36.86245]]}},{"type":"Feature","properties":{"id":957875364,"name":null,"ref":null,"highway":"unclassified","surface":"unpaved"},"geometry":{"type":"LineString","coordinates":[[-57.93588,-36.86047],[-57.9279,-36.86649],[-57.92772,-36.86651],[-57.92754,-36.86645],[-57.92397,-36.86341],[-57.92043,-36.86036],[-57.91671,-36.85715]]}},{"type":"Feature","properties":{"id":957875365,"name":null,"ref":null,"highway":"tertiary","surface":"unpaved"},"geometry":{"type":"LineString","coordinates":[[-57.93588,-36.86047],[-57.94121,-36.85646],[-57.94378,-36.8545],[-57.94387,-36.85444],[-57.94397,-36.85441],[-57.94408,-36.85442],[-57.94415,-36.85447]]}},{"type":"Feature","properties":{"id":957875366,"name":"José Hernández","ref":null,"highway":"tertiary","surface":"unpaved"},"geometry":{"type":"LineString","coordinates":[[-57.88125,-36.87499],[-57.88026,-36.87415],[-57.87927,-36.87333]]}},{"type":"Feature","properties":{"id":957875367,"name":"Chacabuco","ref":null,"highway":"tertiary","surface":"unpaved"},"geometry":{"type":"LineString","coordinates":[[-57.87928,-36.87648],[-57.88125,-36.87499]]}},{"type":"Feature","properties":{"id":957875370,"name":"Camino provincial secundario 066-01","ref":"066-01","highway":"tertiary","surface":"unpaved"},"geometry":{"type":"LineString","coordinates":[[-57.96386,-36.88405],[-57.96324,-36.88377],[-57.96282,-36.88355],[-57.96252,-36.88338],[-57.96214,-36.88313],[-57.96176,-36.88284],[-57.95877,-36.88049],[-57.95762,-36.8796],[-57.95687,-36.87903],[-57.95646,-36.87869],[-57.95417,-36.87662],[-57.95403,-36.8765],[-57.94749,-36.87071],[-57.93588,-36.86047],[-57.93143,-36.85646],[-57.92867,-36.85403],[-57.92762,-36.85314],[-57.92734,-36.85293],[-57.92708,-36.85275],[-57.92675,-36.85255],[-57.92638,-36.85235],[-57.926,-36.85218],[-57.92559,-36.85199],[-57.9252,-36.85184],[-57.92473,-36.85172],[-57.92433,-36.85166],[-57.92399,-36.85164],[-57.91661,-36.85129],[-57.91109,-36.85106],[-57.91075,-36.85106],[-57.91041,-36.85107],[-57.91009,-36.8511],[-57.90976,-36.85114],[-57.90907,-36.85128],[-57.90861,-36.85139],[-57.90838,-36.85146],[-57.90817,-36.85153],[-57.90789,-36.85166],[-57.90755,-36.85185]]}},{"type":"Feature","properties":{"id":981389201,"name":"Avenida La Plata","ref":null,"highway":"tertiary","surface":null},"geometry":{"type":"LineString","coordinates":[[-57.87987,-36.85147],[-57.88036,-36.85188],[-57.88081,-36.85224],[-57.88129,-36.85264],[-57.88181,-36.85306],[-57.88281,-36.85388]]}},{"type":"Feature","properties":{"id":981389205,"name":"Hipólito Yrigoyen","ref":null,"highway":"tertiary","surface":null},"geometry":{"type":"LineString","coordinates":[[-57.87975,-36.85773],[-57.88026,-36.85734],[-57.88074,-36.85697],[-57.88172,-36.85623]]}},{"type":"Feature","properties":{"id":981389207,"name":"Hipólito Yrigoyen","ref":null,"highway":"tertiary","surface":null},"geometry":{"type":"LineString","coordinates":[[-57.88377,-36.8547],[-57.8837,-36.8548],[-57.88367,-36.85484],[-57.88278,-36.85552],[-57.88179,-36.85628],[-57.88081,-36.85703],[-57.88033,-36.8574],[-57.87982,-36.85779],[-57.87882,-36.85855],[-57.87785,-36.8593],[-57.87686,-36.86005],[-57.87588,-36.8608],[-57.87488,-36.86156],[-57.87398,-36.86225],[-57.87397,-36.86226],[-57.87386,-36.86228]]}},{"type":"Feature","properties":{"id":981389214,"name":"Rivadavia","ref":null,"highway":"secondary","surface":null},"geometry":{"type":"LineString","coordinates":[[-57.87332,-36.86879],[-57.87365,-36.86856],[-57.87415,-36.8682],[-57.87465,-36.86782]]}},{"type":"Feature","properties":{"id":981389215,"name":"Rivadavia","ref":null,"highway":"secondary","surface":null},"geometry":{"type":"LineString","coordinates":[[-57.87301,-36.86901],[-57.87309,-36.86895],[-57.87332,-36.86879]]}},{"type":"Feature","properties":{"id":981389220,"name":"Alsina","ref":null,"highway":"secondary","surface":null},"geometry":{"type":"LineString","coordinates":[[-57.87377,-36.87148],[-57.87342,-36.87173]]}},{"type":"Feature","properties":{"id":981389221,"name":"Alsina","ref":null,"highway":"secondary","surface":null},"geometry":{"type":"LineString","coordinates":[[-57.8739,-36.87137],[-57.87377,-36.87148]]}},{"type":"Feature","properties":{"id":981389225,"name":"Avenida Ayacucho","ref":null,"highway":"tertiary","surface":"unpaved"},"geometry":{"type":"LineString","coordinates":[[-57.88124,-36.87183],[-57.88227,-36.87109],[-57.88324,-36.87034],[-57.88323,-36.87025]]}},{"type":"Feature","properties":{"id":981389226,"name":"Avenida Ayacucho","ref":"066-01","highway":"tertiary","surface":null},"geometry":{"type":"LineString","coordinates":[[-57.88919,-36.86573],[-57.88967,-36.86537],[-57.88971,-36.86534],[-57.88978,-36.86528],[-57.89018,-36.86498],[-57.89116,-36.86422]]}},{"type":"Feature","properties":{"id":981389231,"name":null,"ref":null,"highway":"unclassified","surface":"unpaved"},"geometry":{"type":"LineString","coordinates":[[-57.91671,-36.85715],[-57.91302,-36.85397],[-57.90976,-36.85114],[-57.90919,-36.85063],[-57.90334,-36.8456]]}},{"type":"Feature","properties":{"id":984764338,"name":null,"ref":null,"highway":"unclassified","surface":"unpaved"},"geometry":{"type":"LineString","coordinates":[[-57.79709,-37.11569],[-57.79731,-37.1155],[-57.7974,-37.11542],[-57.79748,-37.11534],[-57.79756,-37.11525],[-57.79764,-37.11515],[-57.79773,-37.11499],[-57.79785,-37.11478],[-57.79805,-37.1144],[-57.79818,-37.11421],[-57.79836,-37.11402],[-57.80028,-37.11236],[-57.80053,-37.11215],[-57.80064,-37.11208],[-57.80076,-37.112],[-57.8009,-37.11193],[-57.80105,-37.11188],[-57.80125,-37.11183],[-57.80149,-37.11178],[-57.8022,-37.11169],[-57.80237,-37.11166],[-57.80251,-37.11163],[-57.80264,-37.11159],[-57.80273,-37.11156],[-57.80282,-37.11152],[-57.80313,-37.11132]]}},{"type":"Feature","properties":{"id":1047521343,"name":"Camino provincial secundario 066-01","ref":"066-01","highway":"tertiary","surface":"unpaved"},"geometry":{"type":"LineString","coordinates":[[-57.73265,-36.90981],[-57.73234,-36.90994],[-57.7321,-36.91004],[-57.7318,-36.91013],[-57.73149,-36.9102],[-57.73112,-36.91025],[-57.73055,-36.91031],[-57.72977,-36.91038]]}},{"type":"Feature","properties":{"id":1047521344,"name":"Camino provincial secundario 066-01","ref":"066-01","highway":"tertiary","surface":"concrete"},"geometry":{"type":"LineString","coordinates":[[-57.73305,-36.90955],[-57.73265,-36.90981]]}},{"type":"Feature","properties":{"id":1047524885,"name":null,"ref":null,"highway":"unclassified","surface":"unpaved"},"geometry":{"type":"LineString","coordinates":[[-57.65877,-36.90443],[-57.65887,-36.90439],[-57.65904,-36.90432],[-57.66783,-36.90257],[-57.66918,-36.90228],[-57.70428,-36.89216]]}},{"type":"Feature","properties":{"id":1047524896,"name":null,"ref":null,"highway":"unclassified","surface":"unpaved"},"geometry":{"type":"LineString","coordinates":[[-57.59328,-36.7028],[-57.59358,-36.70368],[-57.59356,-36.70379],[-57.59349,-36.70386],[-57.59337,-36.70391],[-57.59023,-36.70454]]}},{"type":"Feature","properties":{"id":1047524898,"name":null,"ref":null,"highway":"unclassified","surface":"unpaved"},"geometry":{"type":"LineString","coordinates":[[-57.59019,-36.70229],[-57.58472,-36.7034],[-57.58464,-36.70344],[-57.58459,-36.70347],[-57.58457,-36.70352],[-57.58455,-36.70359],[-57.58457,-36.70366],[-57.58482,-36.70451]]}},{"type":"Feature","properties":{"id":1047524900,"name":null,"ref":null,"highway":"unclassified","surface":"unpaved"},"geometry":{"type":"LineString","coordinates":[[-57.59024,-36.68743],[-57.59017,-36.68828]]}},{"type":"Feature","properties":{"id":1047527302,"name":null,"ref":null,"highway":"unclassified","surface":"unpaved"},"geometry":{"type":"LineString","coordinates":[[-57.71526,-37.0002],[-57.71502,-37.00004],[-57.71485,-36.99997],[-57.71472,-36.99997],[-57.71447,-36.99998]]}},{"type":"Feature","properties":{"id":1047527303,"name":null,"ref":null,"highway":"unclassified","surface":"unpaved"},"geometry":{"type":"LineString","coordinates":[[-57.69774,-36.96264],[-57.69773,-36.96258],[-57.69774,-36.96253],[-57.69779,-36.96248],[-57.69789,-36.96242]]}},{"type":"Feature","properties":{"id":1077551755,"name":null,"ref":null,"highway":"unclassified","surface":"unpaved"},"geometry":{"type":"LineString","coordinates":[[-57.86926,-36.84959],[-57.86897,-36.84986],[-57.86791,-36.85068],[-57.86465,-36.8479]]}},{"type":"Feature","properties":{"id":1077551761,"name":null,"ref":null,"highway":"unclassified","surface":"unpaved"},"geometry":{"type":"LineString","coordinates":[[-57.89374,-36.85621],[-57.89754,-36.85335],[-57.90145,-36.85041]]}},{"type":"Feature","properties":{"id":1078063085,"name":null,"ref":null,"highway":"tertiary","surface":"unpaved"},"geometry":{"type":"LineString","coordinates":[[-57.46527,-36.6822],[-57.46523,-36.68242],[-57.46527,-36.68252],[-57.4654,-36.68263]]}},{"type":"Feature","properties":{"id":1078063087,"name":null,"ref":null,"highway":"tertiary","surface":"unpaved"},"geometry":{"type":"LineString","coordinates":[[-57.45674,-36.68261],[-57.4568,-36.68253],[-57.45678,-36.68248],[-57.4567,-36.68238]]}},{"type":"Feature","properties":{"id":1204002927,"name":"Hipólito Yrigoyen","ref":null,"highway":"tertiary","surface":"unpaved"},"geometry":{"type":"LineString","coordinates":[[-57.88377,-36.8547],[-57.88575,-36.85317],[-57.88805,-36.85143]]}},{"type":"Feature","properties":{"id":1229043991,"name":"San Martín","ref":null,"highway":"secondary","surface":"paved"},"geometry":{"type":"LineString","coordinates":[[-57.88323,-36.87025],[-57.8823,-36.86947],[-57.88136,-36.86869],[-57.88044,-36.86791],[-57.87954,-36.86716]]}},{"type":"Feature","properties":{"id":1229043992,"name":"San Martín","ref":null,"highway":"secondary","surface":"paved"},"geometry":{"type":"LineString","coordinates":[[-57.87954,-36.86716],[-57.87942,-36.86713],[-57.8785,-36.86635],[-57.87758,-36.86557],[-57.87663,-36.86475],[-57.87568,-36.86395],[-57.87473,-36.86314],[-57.87466,-36.86308],[-57.87389,-36.86243],[-57.87379,-36.86234],[-57.87281,-36.86151],[-57.87218,-36.86097],[-57.87197,-36.86079],[-57.87191,-36.86068]]}},{"type":"Feature","properties":{"id":1273104248,"name":"Avenida La Plata","ref":null,"highway":"tertiary","surface":null},"geometry":{"type":"LineString","coordinates":[[-57.88377,-36.8547],[-57.88394,-36.85476],[-57.88482,-36.85551],[-57.88573,-36.85628],[-57.88666,-36.85707],[-57.8876,-36.85787],[-57.88854,-36.85866],[-57.88948,-36.85946],[-57.89042,-36.86026],[-57.89135,-36.86105],[-57.89229,-36.86185],[-57.89315,-36.86258],[-57.89319,-36.86268]]}},{"type":"Feature","properties":{"id":1273104249,"name":"Avenida La Plata","ref":null,"highway":"tertiary","surface":null},"geometry":{"type":"LineString","coordinates":[[-57.89319,-36.86268],[-57.89417,-36.86352],[-57.89517,-36.86437]]}},{"type":"Feature","properties":{"id":1273104250,"name":"Avenida La Plata","ref":null,"highway":"tertiary","surface":null},"geometry":{"type":"LineString","coordinates":[[-57.88281,-36.85388],[-57.88377,-36.8547]]}},{"type":"Feature","properties":{"id":1278942080,"name":"San Martín","ref":null,"highway":"tertiary","surface":"paved"},"geometry":{"type":"LineString","coordinates":[[-57.88911,-36.87508],[-57.88907,-36.87509],[-57.88903,-36.8751],[-57.88899,-36.87509],[-57.88896,-36.87508],[-57.88893,-36.87506]]}},{"type":"Feature","properties":{"id":1279176489,"name":null,"ref":null,"highway":"unclassified","surface":"unpaved"},"geometry":{"type":"LineString","coordinates":[[-57.88911,-36.87508],[-57.88994,-36.87579]]}},{"type":"Feature","properties":{"id":1279931232,"name":null,"ref":null,"highway":"track","surface":null},"geometry":{"type":"LineString","coordinates":[[-57.88352,-36.90357],[-57.88347,-36.9037],[-57.88334,-36.90393],[-57.88294,-36.90504]]}},{"type":"Feature","properties":{"id":1279931252,"name":null,"ref":null,"highway":"track","surface":null},"geometry":{"type":"LineString","coordinates":[[-57.88043,-36.87775],[-57.8804,-36.87782],[-57.88035,-36.87789],[-57.88024,-36.87801],[-57.87739,-36.8806],[-57.87738,-36.88062],[-57.87738,-36.88066],[-57.87752,-36.88096],[-57.87758,-36.8811],[-57.8776,-36.88118],[-57.87761,-36.88125],[-57.87759,-36.8813],[-57.87753,-36.88136],[-57.8774,-36.88146],[-57.87728,-36.88153],[-57.87721,-36.88155],[-57.87714,-36.88156],[-57.87707,-36.88156],[-57.87701,-36.88155],[-57.87696,-36.88152],[-57.87575,-36.88036],[-57.87565,-36.88027],[-57.87556,-36.88023],[-57.87546,-36.88022],[-57.87536,-36.88024],[-57.8752,-36.88029],[-57.87512,-36.88035],[-57.87507,-36.8804],[-57.87505,-36.88045],[-57.87504,-36.88052],[-57.87545,-36.88322]]}},{"type":"Feature","properties":{"id":1280237833,"name":"Avenida Ayacucho","ref":"066-01","highway":"tertiary","surface":"paved"},"geometry":{"type":"LineString","coordinates":[[-57.8835,-36.87018],[-57.88323,-36.87025]]}},{"type":"Feature","properties":{"id":1280237834,"name":"Avenida Ayacucho","ref":"066-01","highway":"tertiary","surface":"paved"},"geometry":{"type":"LineString","coordinates":[[-57.88927,-36.8658],[-57.88828,-36.86655],[-57.88729,-36.8673],[-57.88631,-36.86805],[-57.88534,-36.86878],[-57.88431,-36.86956],[-57.8835,-36.87018]]}},{"type":"Feature","properties":{"id":1280237848,"name":"Avenida Ayacucho","ref":"066-01","highway":"tertiary","surface":"paved"},"geometry":{"type":"LineString","coordinates":[[-57.89116,-36.86422],[-57.89216,-36.86344],[-57.89309,-36.86273]]}},{"type":"Feature","properties":{"id":1280237849,"name":"Avenida Ayacucho","ref":"066-01","highway":"tertiary","surface":"paved"},"geometry":{"type":"LineString","coordinates":[[-57.89309,-36.86273],[-57.89319,-36.86268]]}},{"type":"Feature","properties":{"id":1280237850,"name":"Hipólito Yrigoyen","ref":null,"highway":"tertiary","surface":null},"geometry":{"type":"LineString","coordinates":[[-57.88172,-36.85623],[-57.88272,-36.85547],[-57.88365,-36.85476],[-57.88377,-36.8547]]}},{"type":"Feature","properties":{"id":1280237851,"name":"Avenida La Plata","ref":null,"highway":"tertiary","surface":null},"geometry":{"type":"LineString","coordinates":[[-57.88464,-36.85548],[-57.88387,-36.85482],[-57.88377,-36.8547]]}},{"type":"Feature","properties":{"id":1280338000,"name":null,"ref":null,"highway":"unclassified","surface":"unpaved"},"geometry":{"type":"LineString","coordinates":[[-57.87666,-36.85392],[-57.87509,-36.85261],[-57.87497,-36.85248],[-57.87487,-36.85235],[-57.87475,-36.85221],[-57.87461,-36.85209],[-57.8715,-36.84944],[-57.8714,-36.84933],[-57.87135,-36.84924],[-57.87127,-36.84901],[-57.8711,-36.84868],[-57.87105,-36.84861],[-57.87097,-36.84852],[-57.87086,-36.84842],[-57.86917,-36.847],[-57.86901,-36.84686],[-57.8688,-36.84665],[-57.86862,-36.8465],[-57.8684,-36.84632],[-57.86816,-36.84612],[-57.86739,-36.84549]]}},{"type":"Feature","properties":{"id":1282568426,"name":null,"ref":null,"highway":"track","surface":null},"geometry":{"type":"LineString","coordinates":[[-57.82606,-37.07959],[-57.82589,-37.08017],[-57.82586,-37.08023],[-57.8258,-37.08027],[-57.82557,-37.08036],[-57.82523,-37.08059],[-57.82514,-37.08066],[-57.82509,-37.0807],[-57.8251,-37.08073],[-57.82557,-37.08068],[-57.82567,-37.08064],[-57.82574,-37.08058],[-57.82577,-37.08054],[-57.82582,-37.0804],[-57.82589,-37.08017]]}},{"type":"Feature","properties":{"id":1282943436,"name":null,"ref":null,"highway":"track","surface":null},"geometry":{"type":"LineString","coordinates":[[-57.83744,-37.08506],[-57.83725,-37.08493],[-57.83711,-37.08488],[-57.83694,-37.08485],[-57.83674,-37.08484],[-57.83659,-37.08482],[-57.8365,-37.08479],[-57.83639,-37.0847],[-57.83619,-37.08446],[-57.83577,-37.08426],[-57.83425,-37.08385],[-57.83392,-37.08374],[-57.83362,-37.0837]]}},{"type":"Feature","properties":{"id":1357885061,"name":"Avenida La Plata","ref":null,"highway":"tertiary","surface":null},"geometry":{"type":"LineString","coordinates":[[-57.89319,-36.86268],[-57.89307,-36.86263],[-57.89221,-36.86191],[-57.89127,-36.86111],[-57.89034,-36.86032],[-57.8894,-36.85952],[-57.88846,-36.85872],[-57.88753,-36.85793],[-57.88658,-36.85713],[-57.88566,-36.85634],[-57.88474,-36.85556],[-57.88464,-36.85548]]}},{"type":"Feature","properties":{"id":1357888542,"name":"Avenida Ayacucho","ref":"066-01","highway":"tertiary","surface":"paved"},"geometry":{"type":"LineString","coordinates":[[-57.89319,-36.86268],[-57.89316,-36.86278]]}}]}